SecurityCode,companyName,19th Feb,20th Feb
500325,RELIANCE INDUSTRIES LTD.,"19,93,272.82 Cr.",
532540,TATA CONSULTANCY SERVICES LTD.,"14,83,994.78 Cr.",
500180,HDFC Bank Ltd,"10,76,400.10 Cr.",
532174,ICICI BANK LTD.,"7,32,358.50 Cr.",
500209,INFOSYS LTD.,"7,05,348.70 Cr.",
500112,STATE BANK OF INDIA,"6,77,467.29 Cr.",
543526,Life Insurance Corporation of India,"6,65,484.63 Cr.",
532454,BHARTI AIRTEL LTD.,"6,42,921.26 Cr.",
500696,HINDUSTAN UNILEVER LTD.,"5,60,976.66 Cr.",
500875,ITC LTD.,"5,10,645.39 Cr.",
500510,LARSEN & TOUBRO LTD.,"4,59,119.43 Cr.",
532281,HCL TECHNOLOGIES LTD.,"4,54,525.34 Cr.",
500034,Bajaj Finance Limited,"4,14,977.78 Cr.",
512599,ADANI ENTERPRISES LTD.,"3,71,435.17 Cr.",
524715,SUN PHARMACEUTICAL INDUSTRIES LTD.,"3,67,053.65 Cr.",
500312,Oil and Natural Gas Corporation Ltd,"3,45,580.27 Cr.",
532500,MARUTI SUZUKI INDIA LTD.,"3,61,052.06 Cr.",
500247,KOTAK MAHINDRA BANK LTD.,"3,44,204.01 Cr.",
532215,AXIS BANK LTD.,"3,28,144.71 Cr.",
532555,NTPC LTD.,"3,28,571.53 Cr.",
500114,Titan Company Limited,"3,27,886.06 Cr.",
500570,TATA MOTORS LTD.,"3,09,909.83 Cr.",
541450,Adani Green Energy Ltd,"3,09,456.58 Cr.",
533278,COAL INDIA LTD.,"2,84,286.66 Cr.",
500820,ASIAN PAINTS LTD.,"2,87,543.52 Cr.",
532538,ULTRATECH CEMENT LTD.,"2,85,810.90 Cr.",
532921,ADANI PORTS AND SPECIAL ECONOMIC ZONE LTD.,"2,82,351.76 Cr.",
507685,WIPRO LTD.,"2,79,664.94 Cr.",
530965,INDIAN OIL CORPORATION LTD.,"2,66,185.34 Cr.",
532898,POWER GRID CORPORATION OF INDIA LTD.,"2,57,115.19 Cr.",
532978,BAJAJ FINSERV LTD.,"2,58,493.12 Cr.",
540376,Avenue Supermarts Ltd,"2,41,119.38 Cr.",
500790,NESTLE INDIA LTD.,"2,42,389.11 Cr.",
532977,BAJAJ AUTO LTD.,"2,41,000.13 Cr.",
500520,MAHINDRA & MAHINDRA LTD.,"2,29,909.83 Cr.",
533096,ADANI POWER LTD.,"2,19,016.28 Cr.",
532868,DLF LTD.,"2,10,079.70 Cr.",
543257,Indian Railway Finance Corporation Ltd,"2,07,397.19 Cr.",
541154,Hindustan Aeronautics Ltd,"2,02,113.84 Cr.",
500228,JSW STEEL LTD.,"2,00,551.68 Cr.",
540180,Varun Beverages Ltd,"1,86,917.99 Cr.",
500470,TATA STEEL LTD.,"1,75,725.29 Cr.",
543940,Jio Financial Services Ltd,"1,74,016.45 Cr.",
540005,LTIMindtree Ltd,"1,63,295.60 Cr.",
500550,SIEMENS LTD.,"1,57,326.81 Cr.",
540719,SBI Life Insurance Company Ltd,"1,49,089.67 Cr.",
532810,POWER FINANCE CORPORATION LTD.,"1,42,250.89 Cr.",
532134,BANK OF BARODA,"1,40,014.63 Cr.",
532461,PUNJAB NATIONAL BANK,"1,41,436.49 Cr.",
500300,GRASIM INDUSTRIES LTD.,"1,47,611.53 Cr.",
500547,BHARAT PETROLEUM CORPORATION LTD.,"1,41,489.51 Cr.",
500251,TRENT LTD.,"1,43,846.22 Cr.",
543320,Zomato Ltd,"1,38,867.50 Cr.",
500049,BHARAT ELECTRONICS LTD.,"1,37,898.98 Cr.",
500331,PIDILITE INDUSTRIES LTD.,"1,37,850.93 Cr.",
500188,HINDUSTAN ZINC LTD.,"1,31,449.67 Cr.",
532388,INDIAN OVERSEAS BANK,"1,32,921.76 Cr.",
532955,REC Ltd,"1,23,248.05 Cr.",
532755,TECH MAHINDRA LTD.,"1,27,829.99 Cr.",
540777,HDFC Life Insurance Company Ltd,"1,25,856.48 Cr.",
532424,GODREJ CONSUMER PRODUCTS LTD.,"1,25,796.67 Cr.",
532155,GAIL (INDIA) LTD.,"1,20,883.21 Cr.",
500400,TATA POWER CO.LTD.,"1,21,582.67 Cr.",
500825,BRITANNIA INDUSTRIES LTD.,"1,18,605.96 Cr.",
539254,Adani Energy Solutions Ltd,"1,19,815.07 Cr.",
539448,InterGlobe Aviation Ltd,"1,18,438.89 Cr.",
500440,HINDALCO INDUSTRIES LTD.,"1,15,169.85 Cr.",
500087,CIPLA LTD.,"1,18,718.18 Cr.",
532187,INDUSIND BANK LTD.,"1,15,388.63 Cr.",
500425,AMBUJA CEMENTS LTD.,"1,16,120.53 Cr.",
542066,Adani Total Gas Ltd,"1,11,245.79 Cr.",
500800,Tata Consumer Products Ltd,"1,09,919.02 Cr.",
532477,UNION BANK OF INDIA,"1,04,663.77 Cr.",
505200,EICHER MOTORS LTD.,"1,06,799.26 Cr.",
532483,CANARA BANK,"1,03,759.18 Cr.",
500124,DR.REDDY'S LABORATORIES LTD.,"1,07,010.73 Cr.",
543287,Macrotech Developers Ltd,"1,05,497.91 Cr.",
500295,Vedanta Limited,"1,00,420.07 Cr.",
532343,TVS MOTOR COMPANY LTD.,"1,00,680.46 Cr.",
532488,DIVI'S LABORATORIES LTD.,"98,841.92 Cr.",
500490,BAJAJ HOLDINGS & INVESTMENT LTD.,"98,799.14 Cr.",
500116,IDBI BANK LTD.,"98,158.68 Cr.",
500096,DABUR INDIA LTD.,"97,072.18 Cr.",
500182,HERO MOTOCORP LTD.,"97,032.02 Cr.",
508869,APOLLO HOSPITALS ENTERPRISE LTD.,"95,706.66 Cr.",
500387,SHREE CEMENT LTD.,"96,788.41 Cr.",
500002,ABB India Limited,"95,180.77 Cr.",
511243,Cholamandalam Investment and Finance Company Ltd,"95,104.45 Cr.",
533098,NHPC LTD.,"97,446.88 Cr.",
511218,Shriram Finance Ltd,"91,640.39 Cr.",
532321,Zydus Lifesciences Ltd,"91,887.89 Cr.",
543904,Mankind Pharma Ltd,"88,956.67 Cr.",
500420,TORRENT PHARMACEUTICALS LTD.,"88,494.43 Cr.",
517354,HAVELLS INDIA LTD.,"88,312.17 Cr.",
543220,Max Healthcare Institute Ltd,"82,019.99 Cr.",
532648,YES BANK LTD.,"77,948.63 Cr.",
532432,UNITED SPIRITS LTD.,"84,147.22 Cr.",
500530,BOSCH LTD.,"85,550.28 Cr.",
500104,HINDUSTAN PETROLEUM CORPORATION LTD.,"78,672.69 Cr.",
540716,ICICI Lombard General Insurance Company Ltd,"80,818.30 Cr.",
541729,HDFC Asset Management Company Ltd,"79,701.05 Cr.",
533148,JSW Energy Ltd,"82,102.21 Cr.",
500103,BHARAT HEAVY ELECTRICALS LTD.,"78,607.58 Cr.",
532286,JINDAL STEEL & POWER LTD.,"77,378.78 Cr.",
532822,Vodafone Idea Ltd,"77,887.71 Cr.",
517334,Samvardhana Motherson International Ltd,"76,639.78 Cr.",
542830,Indian Railway Catering and Tourism Corporation Ltd,"75,740.00 Cr.",
500850,INDIAN HOTELS CO.LTD.,"77,235.43 Cr.",
532505,UCO BANK,"72,560.71 Cr.",
500257,LUPIN LTD.,"72,311.15 Cr.",
500480,CUMMINS INDIA LTD.,"73,757.38 Cr.",
540133,ICICI Prudential Life Insurance Company Ltd,"74,121.24 Cr.",
526371,NMDC LTD.,"72,180.82 Cr.",
532814,INDIAN BANK,"73,119.94 Cr.",
500830,COLGATE-PALMOLIVE (INDIA) LTD.,"69,904.39 Cr.",
503806,SRF LTD.,"69,542.75 Cr.",
542652,Polycab India Ltd,"71,640.39 Cr.",
543066,SBI Cards and Payment Services Ltd,"69,264.20 Cr.",
532466,ORACLE FINANCIAL SERVICES SOFTWARE LTD.,"67,715.74 Cr.",
531642,MARICO LTD.,"68,121.86 Cr.",
540762,Tube Investments of India Ltd,"71,926.57 Cr.",
540755,General Insurance Corporation of India,"74,351.47 Cr.",
533179,PERSISTENT SYSTEMS LTD.,"67,195.14 Cr.",
532777,INFO EDGE (INDIA) LTD.,"69,011.55 Cr.",
500093,CG Power and Industrial Solutions Ltd,"66,681.94 Cr.",
532149,BANK OF INDIA,"65,012.10 Cr.",
509480,BERGER PAINTS INDIA LTD.,"64,943.59 Cr.",
532667,SUZLON ENERGY LTD.,"62,716.35 Cr.",
539523,Alkem Laboratories Ltd,"65,429.55 Cr.",
533150,Godrej Properties Ltd,"63,402.77 Cr.",
500290,MRF LTD.,"63,158.19 Cr.",
500488,ABBOTT INDIA LTD.,"62,764.59 Cr.",
532725,SOLAR INDUSTRIES INDIA LTD.,"59,897.18 Cr.",
533106,OIL INDIA LTD.,"64,489.58 Cr.",
524804,AUROBINDO PHARMA LTD.,"60,966.91 Cr.",
534816,Indus Towers Ltd,"60,204.89 Cr.",
532885,CENTRAL BANK OF INDIA,"58,153.61 Cr.",
531344,CONTAINER CORPORATION OF INDIA LTD.,"61,563.10 Cr.",
532779,TORRENT POWER LTD.,"56,700.77 Cr.",
500368,Patanjali Foods Ltd,"60,628.71 Cr.",
539437,IDFC First Bank Ltd,"58,078.49 Cr.",
540115,L&T Technology Services Ltd,"57,590.74 Cr.",
532754,GMR Airports Infrastructure Ltd,"55,578.98 Cr.",
523642,PI Industries Ltd,"55,595.59 Cr.",
542649,Rail Vikas Nigam Ltd,"55,492.81 Cr.",
533398,MUTHOOT FINANCE LTD.,"54,435.83 Cr.",
500459,PROCTER & GAMBLE HYGIENE & HEALTH CARE LTD.,"53,612.96 Cr.",
532830,Astral Ltd,"52,855.05 Cr.",
500113,STEEL AUTHORITY OF INDIA LTD.,"52,968.43 Cr.",
500493,BHARAT FORGE LTD.,"52,352.57 Cr.",
500477,ASHOK LEYLAND LTD.,"50,545.43 Cr.",
526299,MPHASIS LTD.,"52,494.54 Cr.",
590024,FERTILIZERS & CHEMICALS TRAVANCORE LTD.,"53,791.09 Cr.",
500483,TATA COMMUNICATIONS LTD.,"51,730.35 Cr.",
500410,ACC LTD.,"50,132.63 Cr.",
532508,JINDAL STAINLESS LTD.,"52,312.80 Cr.",
533206,SJVN Ltd,"49,613.66 Cr.",
503100,The Phoenix Mills Ltd,"49,733.91 Cr.",
509930,SUPREME INDUSTRIES LTD.,"51,565.29 Cr.",
523457,Linde India Limited,"49,296.41 Cr.",
533273,OBEROI REALTY LTD.,"47,281.02 Cr.",
544026,Indian Renewable Energy Development Agency Ltd,"47,922.84 Cr.",
505790,Schaeffler India Ltd,"47,139.62 Cr.",
533295,PUNJAB & SIND BANK,"45,844.95 Cr.",
540691,Aditya Birla Capital Ltd,"47,964.88 Cr.",
543994,JSW Infrastructure Ltd,"48,909.04 Cr.",
500408,TATA ELXSI LTD.,"48,000.19 Cr.",
532478,UNITED BREWERIES LTD.-$,"46,703.20 Cr.",
533274,PRESTIGE ESTATES PROJECTS LTD.,"46,640.25 Cr.",
502355,BALKRISHNA INDUSTRIES LTD.-$,"44,893.08 Cr.",
542651,KPIT Technologies Ltd,"44,730.67 Cr.",
544028,Tata Technologies Ltd,"45,570.77 Cr.",
532525,BANK OF MAHARASHTRA,"43,883.27 Cr.",
543458,Adani Wilmar Ltd,"47,620.22 Cr.",
543384,FSN E-Commerce Ventures Ltd,"43,800.78 Cr.",
543237,Mazagon Dock Shipbuilders Ltd,"43,655.80 Cr.",
500109,MANGALORE REFINERY & PETROCHEMICALS LTD.,"50,369.69 Cr.",
533519,L&T FINANCE HOLDINGS LTD.,"43,618.68 Cr.",
543390,PB Fintech Ltd,"45,282.78 Cr.",
590071,SUNDARAM FINANCE LTD.,"45,018.17 Cr.",
532522,PETRONET LNG LTD.,"42,412.50 Cr.",
500411,THERMAX LTD.,"41,528.95 Cr.",
532541,Coforge Ltd,"41,728.84 Cr.",
540769,The New India Assurance Company Ltd,"48,772.56 Cr.",
540530,Housing & Urban Development Corporation Ltd,"38,626.66 Cr.",
543278,Kalyan Jewellers India Ltd,"38,539.44 Cr.",
532827,PAGE INDUSTRIES LTD.,"40,887.98 Cr.",
539336,Gujarat Gas Ltd,"37,944.06 Cr.",
532947,IRB INFRASTRUCTURE DEVELOPERS LTD.,"40,147.27 Cr.",
533758,APL APOLLO TUBES LTD.,"39,720.70 Cr.",
540611,AU Small Finance Bank Ltd,"40,005.74 Cr.",
542812,Gujarat Fluorochemicals Ltd,"38,203.63 Cr.",
542216,Dalmia Bharat Ltd,"39,410.32 Cr.",
500469,FEDERAL BANK LTD.,"39,664.91 Cr.",
540699,Dixon Technologies (India) Ltd,"40,388.26 Cr.",
524000,Poonawalla Fincorp Ltd,"36,396.35 Cr.",
543654,Global Health Ltd,"37,444.28 Cr.",
500660,GLAXOSMITHKLINE PHARMACEUTICALS LTD.,"38,211.23 Cr.",
512070,UPL Limited,"38,011.26 Cr.",
532683,AIA ENGINEERING LTD.,"36,995.75 Cr.",
500575,VOLTAS LTD.,"36,324.53 Cr.",
543300,Sona BLW Precision Forgings Ltd,"36,013.39 Cr.",
513683,NLC India Ltd,"34,873.91 Cr.",
532720,MAHINDRA & MAHINDRA FINANCIAL SERVICES LTD.,"35,663.57 Cr.",
500253,LIC HOUSING FINANCE LTD.,"34,885.00 Cr.",
532539,UNO Minda Ltd-$,"37,018.45 Cr.",
523395,3M INDIA LTD.,"34,832.33 Cr.",
543529,Delhivery Ltd,"34,445.78 Cr.",
517174,HONEYWELL AUTOMATION INDIA LTD.,"33,604.06 Cr.",
500092,CRISIL LTD.,"36,845.24 Cr.",
500877,APOLLO TYRES LTD.,"33,768.32 Cr.",
532523,BIOCON LTD.,"34,907.45 Cr.",
532843,FORTIS HEALTHCARE LTD.,"32,719.89 Cr.",
500271,Max Financial Services Ltd,"33,833.33 Cr.",
543412,Star Health and Allied Insurance Company Ltd,"32,953.23 Cr.",
506395,COROMANDEL INTERNATIONAL LTD.,"32,512.40 Cr.",
500495,Escorts Kubota Ltd,"32,714.12 Cr.",
532644,J.K.CEMENT LTD.,"32,513.54 Cr.",
541153,Bandhan Bank Ltd,"32,830.51 Cr.",
533155,Jubilant FoodWorks Ltd,"32,695.33 Cr.",
543245,Gland Pharma Ltd,"32,960.15 Cr.",
543498,Motherson Sumi Wiring India Ltd,"32,313.88 Cr.",
532514,INDRAPRASTHA GAS LTD.,"30,796.54 Cr.",
506401,DEEPAK NITRITE LTD.-$,"31,127.62 Cr.",
570001,Tata Motors  Ltd - DVR,"31,168.69 Cr.",
540767,Nippon Life India Asset Management Ltd,"32,016.85 Cr.",
540680,KIOCL Ltd,"33,526.59 Cr.",
541143,Bharat Dynamics Ltd,"32,320.73 Cr.",
539268,Syngene International Ltd,"30,645.60 Cr.",
523610,ITI LTD.,"31,445.03 Cr.",
517569,KEI INDUSTRIES LTD.,"29,568.06 Cr.",
543426,Metro Brands Ltd,"32,035.21 Cr.",
524494,IPCA LABORATORIES LTD.,"31,116.13 Cr.",
532234,NATIONAL ALUMINIUM CO.LTD.,"29,358.56 Cr.",
533023,ZF Commercial Vehicle Control Systems India Ltd,"28,656.23 Cr.",
500086,EXIDE INDUSTRIES LTD.,"28,628.00 Cr.",
512455,LLOYDS METALS AND ENERGY LTD.,"29,105.13 Cr.",
501301,TATA INVESTMENT CORPORATION LTD.,"28,931.91 Cr.",
539551,Narayana Hrudayalaya Ltd,"27,606.08 Cr.",
500164,GODREJ INDUSTRIES LTD.,"27,127.17 Cr.",
543235,Angel One Ltd,"27,121.44 Cr.",
532892,MOTILAL OSWAL FINANCIAL SERVICES LTD.,"26,063.41 Cr.",
532331,AJANTA PHARMA LTD.,"26,966.10 Cr.",
541179,ICICI Securities Ltd,"25,392.24 Cr.",
506285,BAYER CROPSCIENCE LTD.,"27,488.38 Cr.",
506943,J.B.CHEMICALS & PHARMACEUTICALS LTD.,"25,658.15 Cr.",
500840,EIH LTD.,"25,299.11 Cr.",
542772,360 ONE WAM LTD,"25,220.14 Cr.",
500067,BLUE STAR LTD.,"26,105.88 Cr.",
540153,Endurance Technologies Ltd,"25,588.68 Cr.",
532889,K.P.R. Mill Limited,"24,788.35 Cr.",
543187,Hitachi Energy India Ltd,"26,316.27 Cr.",
513599,HINDUSTAN COPPER LTD.,"24,673.62 Cr.",
541770,CreditAccess Grameen Ltd,"24,374.98 Cr.",
524208,AARTI INDUSTRIES LTD.,"24,991.03 Cr.",
531531,HATSUN AGRO PRODUCT LTD.,"24,674.94 Cr.",
534309,NBCC (India) Ltd,"25,434.00 Cr.",
500165,KANSAI NEROLAC PAINTS LTD.,"24,978.93 Cr.",
500770,TATA CHEMICALS LTD.,"24,906.25 Cr.",
532259,APAR INDUSTRIES LTD.,"25,144.36 Cr.",
532733,SUN TV NETWORK LTD.,"24,427.34 Cr.",
506076,GRINDWELL NORTON LTD.-$,"24,041.19 Cr.",
532605,JBM AUTO LTD.,"28,146.36 Cr.",
540975,Aster DM Healthcare Ltd,"23,277.31 Cr.",
532400,Birlasoft Ltd,"22,941.44 Cr.",
532175,Cyient Limited,"22,951.80 Cr.",
543463,Vedant Fashions Ltd,"24,134.95 Cr.",
532497,RADICO KHAITAN LTD.,"22,990.35 Cr.",
532296,GLENMARK PHARMACEUTICALS LTD.,"24,337.00 Cr.",
532221,SONATA SOFTWARE LTD.,"23,618.78 Cr.",
532929,BRIGADE ENTERPRISES LTD.,"23,019.74 Cr.",
540678,Cochin Shipyard Ltd,"22,393.44 Cr.",
535755,Aditya Birla Fashion and Retail Ltd,"22,333.43 Cr.",
500403,SUNDRAM FASTENERS LTD.,"22,990.14 Cr.",
543663,Five-Star Business Finance Ltd,"21,583.54 Cr.",
500472,SKF India Ltd,"21,799.42 Cr.",
521064,TRIDENT LTD.,"22,860.46 Cr.",
532636,IIFL Finance Ltd,"23,312.43 Cr.",
507815,GILLETTE INDIA LTD.,"21,505.27 Cr.",
541956,IRCON International Ltd,"21,754.13 Cr.",
522113,TIMKEN INDIA LTD.,"21,211.68 Cr.",
540222,Laurus Labs Ltd,"21,884.71 Cr.",
513375,CARBORUNDUM UNIVERSAL LTD.,"20,726.06 Cr.",
532702,GUJARAT STATE PETRONET LTD.,"20,946.35 Cr.",
520111,RATNAMANI METALS & TUBES LTD.-$,"21,570.81 Cr.",
530517,RELAXO FOOTWEARS LTD.-$,"20,854.83 Cr.",
500680,PFIZER LTD.,"21,040.07 Cr.",
522275,GE T&D India Ltd,"19,725.83 Cr.",
543396,One 97 Communications Ltd,"22,773.21 Cr.",
531162,EMAMI LTD.-$,"21,112.18 Cr.",
500260,The Ramco Cements Limited,"20,809.09 Cr.",
504973,Cholamandalam Financial Holdings Ltd,"20,236.78 Cr.",
522074,ELGI EQUIPMENTS LTD.,"20,003.30 Cr.",
500674,Sanofi India Ltd,"21,145.80 Cr.",
540173,PNB Housing Finance Ltd,"19,403.38 Cr.",
539524,Dr. Lal PathLabs Ltd,"20,881.57 Cr.",
500233,KAJARIA CERAMICS LTD.,"20,193.95 Cr.",
500302,PIRAMAL ENTERPRISES LTD.,"19,975.97 Cr.",
533573,ALEMBIC PHARMACEUTICALS LTD.,"19,756.56 Cr.",
500870,CASTROL INDIA LTD.,"21,028.74 Cr.",
531595,Capri Global Capital Limited,"19,660.38 Cr.",
503310,SWAN ENERGY LTD.,"19,284.42 Cr.",
543768,NMDC Steel Ltd,"18,963.95 Cr.",
543990,Signatureglobal (India) Ltd,"19,152.31 Cr.",
542920,Sumitomo Chemical India Ltd,"18,845.25 Cr.",
539083,Inox Wind Ltd,"20,533.13 Cr.",
500027,ATUL LTD.,"18,593.20 Cr.",
541556,RITES Ltd,"18,089.93 Cr.",
543299,Shyam Metalics and Energy Ltd,"18,683.69 Cr.",
532659,IDFC LIMITED,"18,735.82 Cr.",
532756,CIE Automotive India Ltd,"18,372.52 Cr.",
543330,Devyani International Ltd,"19,926.82 Cr.",
500043,BATA INDIA LTD.,"18,419.92 Cr.",
539876,Crompton Greaves Consumer Electricals Ltd,"18,576.47 Cr.",
532371,TATA TELESERVICES (MAHARASHTRA) LTD.,"17,995.11 Cr.",
505537,ZEE ENTERTAINMENT ENTERPRISES LTD.,"17,159.68 Cr.",
543635,Piramal Pharma Ltd,"17,780.42 Cr.",
543308,Krishna Institute of Medical Sciences Ltd,"17,863.80 Cr.",
543335,Aptus Value Housing Finance India Ltd,"17,245.31 Cr.",
543664,Kaynes Technology India Ltd,"18,285.04 Cr.",
532714,KEC INTERNATIONAL LTD.,"17,154.22 Cr.",
500084,CESC LTD.,"17,232.42 Cr.",
534091,MULTI COMMODITY EXCHANGE OF INDIA LTD.,"18,905.61 Cr.",
544012,Cello World Ltd,"17,192.84 Cr.",
542399,Chalet Hotels Ltd,"17,228.34 Cr.",
520056,TVS Holdings Ltd,"18,215.76 Cr.",
532926,Jyothy Labs Ltd,"17,440.57 Cr.",
524200,VINATI ORGANICS LTD.-$,"17,522.80 Cr.",
500238,WHIRLPOOL OF INDIA LTD.,"16,883.47 Cr.",
532548,CENTURY PLYBOARDS (I) LTD.-$,"16,128.65 Cr.",
543064,Suven Pharmaceuticals Ltd,"17,063.49 Cr.",
543981,R R Kabel Ltd,"16,573.64 Cr.",
542752,Affle (India) Ltd,"16,262.65 Cr.",
532439,Olectra Greentech Ltd,"17,530.80 Cr.",
500378,JINDAL SAW LTD.,"16,795.08 Cr.",
542726,IndiaMART InterMESH Ltd,"16,665.81 Cr.",
500040,CENTURY TEXTILES & INDUSTRIES LTD.,"16,324.88 Cr.",
524816,NATCO PHARMA LTD.,"19,014.30 Cr.",
500184,Himadri Speciality Chemical Ltd,"15,997.21 Cr.",
532209,JAMMU & KASHMIR BANK LTD.,"15,840.51 Cr.",
531213,MANAPPURAM FINANCE LTD.,"15,515.15 Cr.",
532805,Redington Ltd,"16,315.63 Cr.",
522287,Kalpataru Projects International Ltd,"15,403.14 Cr.",
540065,RBL Bank Ltd,"15,763.39 Cr.",
532976,JAI BALAJI INDUSTRIES LTD.,"16,138.09 Cr.",
517271,HBL POWER SYSTEMS LTD.-$,"14,652.52 Cr.",
532504,Navin Fluorine International Limited-$,"15,737.92 Cr.",
500144,FINOLEX CABLES LTD.,"15,257.99 Cr.",
523367,DCM Shriram Limited,"15,242.58 Cr.",
533272,Jupiter Wagons Ltd,"15,924.84 Cr.",
500085,CHAMBAL FERTILISERS & CHEMICALS LTD.,"15,214.41 Cr.",
543415,Anand Rathi Wealth Ltd,"15,437.36 Cr.",
500003,AEGIS LOGISTICS LTD.,"16,442.60 Cr.",
539957,Mahanagar Gas Ltd,"15,014.72 Cr.",
540073,BLS International Services Ltd,"15,800.56 Cr.",
500252,LAKSHMI MACHINE WORKS LTD.,"15,853.14 Cr.",
590003,KARUR VYSYA BANK LTD.,"14,658.52 Cr.",
514162,Welspun Living Ltd,"14,873.53 Cr.",
543318,Clean Science and Technology Ltd,"14,905.20 Cr.",
543988,Nuvama Wealth Management Ltd,"15,228.55 Cr.",
500008,Amara Raja Energy & Mobility Ltd,"14,610.45 Cr.",
532144,Welspun Corp Limited,"14,385.14 Cr.",
543960,Concord Biotech Ltd,"14,724.21 Cr.",
526612,BLUE DART EXPRESS LTD.,"14,964.97 Cr.",
531768,POLY MEDICURE LTD.,"15,111.55 Cr.",
533655,TRIVENI TURBINE LTD.,"14,566.71 Cr.",
500110,CHENNAI PETROLEUM CORPORATION LTD.,"14,734.78 Cr.",
500042,BASF INDIA LTD.,"14,405.46 Cr.",
500183,HFCL Ltd,"15,366.45 Cr.",
532627,Jaiprakash Power Ventures Limited,"14,337.44 Cr.",
544014,Honasa Consumer Ltd,"14,126.29 Cr.",
543232,Computer Age Management Services Ltd,"14,201.62 Cr.",
544081,Jyoti CNC Automation Ltd,"14,840.49 Cr.",
535789,Indiabulls Housing Finance Ltd,"13,879.79 Cr.",
539177,Authum Investment & Infrastructure Ltd,"14,068.27 Cr.",
500294,NCC Limited,"14,496.98 Cr.",
500620,GREAT EASTERN SHIPPING CO.LTD.,"13,594.40 Cr.",
532809,FIRSTSOURCE SOLUTIONS LTD.,"13,824.81 Cr.",
534139,SCHNEIDER ELECTRIC INFRASTRUCTURE LTD.,"13,478.29 Cr.",
506820,ASTRAZENECA PHARMA INDIA LTD.,"13,746.75 Cr.",
534076,Rhi Magnesita India Ltd,"12,962.09 Cr.",
532762,ACTION CONSTRUCTION EQUIPMENT LTD.,"13,926.18 Cr.",
532953,V-GUARD INDUSTRIES LTD.,"13,662.57 Cr.",
543374,Aditya Birla Sun Life AMC Ltd,"13,904.56 Cr.",
500940,FINOLEX INDUSTRIES LTD.,"13,929.71 Cr.",
542760,Sterling and Wilson Renewable Energy Ltd,"14,079.87 Cr.",
532790,Tanla Platforms Ltd,"13,389.51 Cr.",
543653,Bikaji Foods International Ltd,"13,566.96 Cr.",
500249,KSB Ltd,"14,210.82 Cr.",
532527,RAMKRISHNA FORGINGS LTD.,"13,510.31 Cr.",
500163,GODFREY PHILLIPS INDIA LTD.,"13,944.51 Cr.",
532689,PVR Inox Ltd,"13,576.90 Cr.",
532181,GUJARAT MINERAL DEVELOPMENT CORPORATION LTD.,"12,990.30 Cr.",
532784,Sobha Limited,"13,260.87 Cr.",
540902,Amber Enterprises India Ltd,"13,673.59 Cr.",
515030,ASAHI INDIA GLASS LTD.,"13,096.47 Cr.",
541557,Fine Organic Industries Ltd,"13,301.37 Cr.",
540750,Indian Energy Exchange Ltd,"13,089.12 Cr.",
500106,IFCI LTD.,"13,097.86 Cr.",
500048,BEML LTD.,"13,091.16 Cr.",
500335,BIRLA CORPORATION LTD.,"13,355.04 Cr.",
543524,Rainbow Children's Medicare Ltd,"12,754.19 Cr.",
530007,JK TYRE & INDUSTRIES LTD.,"13,341.23 Cr.",
532966,Titagarh Rail Systems Ltd,"13,298.36 Cr.",
543227,Happiest Minds Technologies Ltd,"12,751.49 Cr.",
500710,Akzo Nobel India Limited,"12,773.83 Cr.",
505533,Westlife Foodworld Ltd,"12,735.31 Cr.",
540595,Tejas Networks Ltd,"12,596.69 Cr.",
500265,MAHARASHTRA SEAMLESS LTD.,"12,670.25 Cr.",
502986,VARDHMAN TEXTILES LTD.,"12,874.06 Cr.",
533293,KIRLOSKAR OIL ENGINES LTD.,"13,140.72 Cr.",
538835,Intellect Design Arena Ltd,"12,428.68 Cr.",
543265,RailTel Corporation of India Ltd,"12,521.41 Cr.",
532178,ENGINEERS INDIA LTD.,"12,980.37 Cr.",
501425,BOMBAY BURMAH TRADING CORP.LTD.,"12,473.12 Cr.",
513377,MMTC LTD.,"12,336.00 Cr.",
543334,Nuvoco Vistas Corporation Ltd,"12,407.60 Cr.",
504067,ZENSAR TECHNOLOGIES LTD.,"12,071.44 Cr.",
500405,SUPREME PETROCHEM LTD.,"13,749.58 Cr.",
540203,Sheela Foam Ltd,"11,719.20 Cr.",
500031,BAJAJ ELECTRICALS LTD.-$,"11,864.71 Cr.",
532798,NETWORK18 MEDIA & INVESTMENTS LTD.,"12,301.65 Cr.",
543317,G R Infraprojects Ltd,"11,544.67 Cr.",
515055,Anant Raj Limited-$,"11,803.31 Cr.",
540596,Eris Lifesciences Ltd,"11,724.28 Cr.",
524742,CAPLIN POINT LABORATORIES LTD.,"12,137.01 Cr.",
534597,Rattanindia Enterprises Ltd,"11,807.35 Cr.",
543238,UTI Asset Management Company Ltd,"11,596.01 Cr.",
539006,PTC Industries Ltd,"11,446.68 Cr.",
506590,PCBL Ltd,"12,007.09 Cr.",
505700,ELECON ENGINEERING CO.LTD.,"11,701.90 Cr.",
543243,Equitas Small Finance Bank Ltd,"12,081.47 Cr.",
543534,Aether Industries Ltd,"11,560.37 Cr.",
500330,RAYMOND LTD.,"11,741.94 Cr.",
532872,SUN PHARMA ADVANCED RESEARCH COMPANY LTD.,"12,239.33 Cr.",
500878,CEAT LTD.,"11,708.08 Cr.",
532927,ECLERX SERVICES LTD.,"11,348.88 Cr.",
541988,AAVAS Financiers Ltd,"11,413.84 Cr.",
506767,ALKYL AMINES CHEMICALS LTD.-$,"11,376.46 Cr.",
542904,Ujjivan Small Finance Bank Ltd,"10,831.26 Cr.",
541233,Lemon Tree Hotels Ltd,"10,837.93 Cr.",
511196,CAN FIN HOMES LTD.,"10,668.97 Cr.",
543720,KFin Technologies Ltd,"10,870.60 Cr.",
540900,Newgen Software Technologies Ltd,"10,617.62 Cr.",
543398,Latent View Analytics Ltd,"10,748.19 Cr.",
500380,JK LAKSHMI CEMENT LTD.,"11,347.51 Cr.",
543322,Glenmark Life Sciences Ltd,"10,845.49 Cr.",
509488,GRAPHITE INDIA LTD.,"11,000.62 Cr.",
533160,D B Realty Ltd,"13,575.00 Cr.",
523598,SHIPPING CORPORATION OF INDIA LTD.,"11,144.24 Cr.",
543417,RateGain Travel Technologies Ltd,"9,838.77 Cr.",
539150,PNC Infratech Ltd,"10,571.98 Cr.",
532734,GODAWARI POWER & ISPAT LTD.,"10,811.03 Cr.",
517506,TTK PRESTIGE LTD.,"10,590.11 Cr.",
544046,INOX India Ltd,"10,207.26 Cr.",
532482,GRANULES INDIA LTD.-$,"11,276.20 Cr.",
500210,INGERSOLL-RAND (INDIA) LTD.,"11,071.69 Cr.",
504882,NATIONAL STANDARD (INDIA) LTD.,"10,417.10 Cr.",
500128,ELECTROSTEEL CASTINGS LTD.,"10,708.84 Cr.",
500125,E.I.D.-PARRY (INDIA) LTD.,"10,629.75 Cr.",
543428,Data Patterns (India) Ltd,"11,513.38 Cr.",
533095,BENGAL & ASSAM COMPANY LTD.,"10,231.08 Cr.",
543425,C.E. Info Systems Ltd,"10,033.60 Cr.",
532939,RELIANCE POWER LTD.,"10,259.70 Cr.",
532210,CITY UNION BANK LTD.,"10,206.01 Cr.",
532670,SHREE RENUKA SUGARS LTD.,"10,169.92 Cr.",
543228,Route Mobile Ltd,"10,095.14 Cr.",
531335,ZYDUS WELLNESS LTD.-$,"10,171.28 Cr.",
532800,TV18 BROADCAST LTD.,"10,503.88 Cr.",
523405,JM FINANCIAL LTD.-$,"9,779.84 Cr.",
540743,Godrej Agrovet Ltd,"9,957.48 Cr.",
517146,USHA MARTIN LTD.,"9,716.69 Cr.",
543275,Anupam Rasayan India Ltd,"10,150.48 Cr.",
530019,Jubilant Pharmova Ltd,"9,657.22 Cr.",
538962,Minda Corporation Ltd,"10,162.07 Cr.",
539807,Infibeam Avenues Ltd,"9,879.90 Cr.",
523025,SAFARI INDUSTRIES (INDIA) LTD.,"9,843.80 Cr.",
500690,GUJARAT STATE FERTILIZERS & CHEMICALS LTD.,"9,563.46 Cr.",
500670,GUJARAT NARMADA VALLEY FERTILIZERS & CHEMICALS LTD.,"9,914.82 Cr.",
532443,CERA SANITARYWARE LTD.,"9,711.10 Cr.",
544045,DOMS Industries Ltd,"9,530.63 Cr.",
542011,Garden Reach Shipbuilders & Engineers Ltd,"9,610.91 Cr.",
500390,RELIANCE INFRASTRUCTURE LTD.,"9,616.08 Cr.",
533248,GUJARAT PIPAVAV PORT LTD.,"10,079.72 Cr.",
522205,PRAJ INDUSTRIES LTD.,"9,425.94 Cr.",
543959,SBFC Finance Ltd,"9,627.39 Cr.",
531500,RAJESH EXPORTS LTD.,"10,168.75 Cr.",
543482,Eureka Forbes Ltd,"9,619.27 Cr.",
544057,Happy Forgings Ltd,"9,132.69 Cr.",
543276,Craftsman Automation Ltd,"9,145.81 Cr.",
540935,Galaxy Surfactants Ltd,"9,083.68 Cr.",
543957,Redtape Ltd,"8,442.06 Cr.",
543573,Syrma SGS Technology Ltd,"9,173.16 Cr.",
532313,MAHINDRA LIFESPACE DEVELOPERS LTD.,"9,425.19 Cr.",
500338,Prism Johnson Ltd,"8,657.73 Cr.",
523704,MASTEK LTD.,"9,579.08 Cr.",
524558,NEULAND LABORATORIES LTD.,"9,057.65 Cr.",
542650,Metropolis Healthcare Ltd,"9,154.24 Cr.",
543413,Tega Industries Ltd,"8,735.67 Cr.",
519600,CCL PRODUCTS (INDIA) LTD.,"8,525.76 Cr.",
543272,Easy Trip Planners Ltd,"8,784.01 Cr.",
540575,Star Cement Ltd,"8,495.87 Cr.",
543397,Sapphire Foods India Ltd,"8,662.71 Cr.",
500126,Procter & Gamble Health Ltd,"8,351.56 Cr.",
542323,KPI Green Energy Ltd,"9,362.49 Cr.",
542141,Techno Electric & Engineering Company Ltd,"8,626.75 Cr.",
532652,KARNATAKA BANK LTD.,"8,719.30 Cr.",
500266,MAHARASHTRA SCOOTERS LTD.,"8,526.34 Cr.",
524226,GUJARAT AMBUJA EXPORTS LTD.,"8,356.98 Cr.",
534618,Waaree Renewable Technologies Ltd,"9,225.02 Cr.",
539302,Power Mech Projects Ltd,"8,385.75 Cr.",
543626,Electronics Mart India Ltd,"8,012.39 Cr.",
524230,RASHTRIYA CHEMICALS & FERTILIZERS LTD.,"8,377.38 Cr.",
500133,ESAB INDIA LTD.,"8,198.32 Cr.",
543259,Home First Finance Company India Ltd,"7,824.94 Cr.",
543980,Jupiter Life Line Hospitals Ltd,"9,378.89 Cr.",
533088,MAHINDRA HOLIDAYS & RESORTS INDIA LTD.,"8,503.59 Cr.",
505509,RESPONSIVE INDUSTRIES LTD.,"8,395.74 Cr.",
532468,Kama Holdings Limited-$,"8,175.56 Cr.",
500245,KIRLOSKAR FERROUS INDUSTRIES LTD.,"8,357.00 Cr.",
533169,MAN INFRACONSTRUCTION LTD.,"8,356.85 Cr.",
532638,SHOPPERS STOP LTD.,"8,362.76 Cr.",
543965,TVS Supply Chain Solutions Ltd,"8,361.66 Cr.",
543945,Netweb Technologies India Ltd,"8,462.17 Cr.",
500413,THOMAS COOK (INDIA) LTD.,"8,019.99 Cr.",
504614,SARDA ENERGY & MINERALS LTD.-$,"7,974.39 Cr.",
504918,SANDUR MANGANESE & IRON ORES LTD.,"7,370.97 Cr.",
500101,ARVIND LTD.,"7,979.73 Cr.",
541195,Mishra Dhatu Nigam Ltd,"7,744.64 Cr.",
532156,Vaibhav Global Ltd,"7,725.67 Cr.",
543657,Archean Chemical Industries Ltd,"8,858.05 Cr.",
532915,RELIGARE ENTERPRISES LTD.,"7,983.45 Cr.",
530813,KRBL LTD.,"7,988.26 Cr.",
513023,Nava Ltd,"8,109.80 Cr.",
541578,Varroc Engineering Ltd,"7,923.50 Cr.",
543271,Jubilant Ingrevia Ltd,"7,667.00 Cr.",
500038,BALRAMPUR CHINI MILLS LTD.,"7,827.99 Cr.",
543427,Medplus Health Services Ltd,"8,530.16 Cr.",
532942,KNR CONSTRUCTIONS LTD.,"7,749.42 Cr.",
507880,V.I.P.INDUSTRIES LTD.-$,"7,842.32 Cr.",
532163,SAREGAMA INDIA LTD.,"7,949.54 Cr.",
543669,Keystone Realtors Ltd,"8,283.66 Cr.",
532531,Strides Pharma Science Ltd,"7,680.98 Cr.",
543596,Tamilnad Mercantile Bank Ltd,"7,864.52 Cr.",
538730,PDS Ltd,"7,235.41 Cr.",
533326,TEXMACO RAIL & ENGINEERING LTD.,"7,258.51 Cr.",
532749,ALLCARGO LOGISTICS LTD.,"7,371.85 Cr.",
531599,FDC LTD.,"7,177.48 Cr.",
532757,VOLTAMP TRANSFORMERS LTD.,"7,504.37 Cr.",
524404,MARKSANS PHARMA LTD.,"7,318.59 Cr.",
520113,VESUVIUS INDIA LTD.,"7,167.87 Cr.",
532356,TRIVENI ENGINEERING & INDUSTRIES LTD.,"7,593.57 Cr.",
543523,Campus Activewear Ltd,"7,494.03 Cr.",
530005,INDIA CEMENTS LTD.,"7,476.27 Cr.",
538891,Magellanic Cloud Ltd,"7,220.79 Cr.",
535648,JUST DIAL LTD.,"7,465.04 Cr.",
539978,Quess Corp Ltd,"8,028.22 Cr.",
530999,BALAJI AMINES LTD.-$,"7,417.72 Cr.",
532218,SOUTH INDIAN BANK LTD.,"7,039.98 Cr.",
543297,Inox Wind Energy Ltd,"7,967.96 Cr.",
543336,Chemplast Sanmar Ltd,"7,126.00 Cr.",
530343,GENUS POWER INFRASTRUCTURES LTD.-$,"6,806.56 Cr.",
543258,Indigo Paints Ltd,"7,199.58 Cr.",
500214,ION EXCHANGE (INDIA) LTD.-$,"7,232.13 Cr.",
500241,KIRLOSKAR BROTHERS LTD.-$,"7,427.12 Cr.",
543277,Laxmi Organic Industries Ltd,"7,359.71 Cr.",
509557,Garware Technical Fibres Ltd,"7,149.25 Cr.",
531543,JINDAL WORLDWIDE LTD.,"7,086.39 Cr.",
502219,Borosil Renewables Ltd,"7,573.51 Cr.",
542759,Spandana Sphoorty Financial Ltd,"7,087.47 Cr.",
512573,AVANTI FEEDS LTD.-$,"6,885.85 Cr.",
533339,ZEN TECHNOLOGIES LTD.,"6,773.13 Cr.",
500336,SURYA ROSHNI LTD.,"6,926.26 Cr.",
532922,Edelweiss Financial Services Ltd.,"7,268.99 Cr.",
544044,India Shelter Finance Corporation Ltd,"6,762.42 Cr.",
532642,JSW Holdings Limited,"6,939.54 Cr.",
539874,Ujjivan Financial Services Ltd,"6,763.00 Cr.",
532349,TRANSPORT CORPORATION OF INDIA LTD.,"6,709.99 Cr.",
512179,SUNTECK REALTY LTD.,"6,804.29 Cr.",
542597,MSTC Ltd,"6,812.96 Cr.",
532811,AHLUWALIA CONTRACTS (INDIA) LTD.,"7,083.60 Cr.",
500123,ELANTAS BECK INDIA LTD.-$,"6,738.97 Cr.",
542907,Prince Pipes and Fittings Ltd,"6,566.78 Cr.",
500185,HINDUSTAN CONSTRUCTION CO.LTD.,"6,583.19 Cr.",
532162,JK PAPER LTD.,"6,435.60 Cr.",
540047,Dilip Buildcon Ltd,"7,238.37 Cr.",
540725,Share India Securities Ltd,"6,768.53 Cr.",
538979,Greenlam Industries Ltd,"6,978.93 Cr.",
509631,HEG LTD.,"6,501.41 Cr.",
543530,Paradeep Phosphates Ltd,"6,345.19 Cr.",
533033,ISGEC Heavy Engineering Ltd,"6,399.27 Cr.",
542867,CSB Bank Ltd,"6,336.57 Cr.",
543401,Go Fashion (India) Ltd,"6,345.25 Cr.",
500033,FORCE MOTORS LTD.-$,"7,455.08 Cr.",
533282,GRAVITA INDIA LTD.,"6,282.80 Cr.",
532832,INDIABULLS REAL ESTATE LTD.,"6,426.44 Cr.",
500645,DEEPAK FERTILISERS & PETROCHEMICALS CORPORATION LTD.,"6,241.20 Cr.",
543350,Vijaya Diagnostic Centre Ltd,"6,477.46 Cr.",
532300,WOCKHARDT LTD.,"7,947.62 Cr.",
526367,GANESH HOUSING CORPORATION LTD.-$,"6,141.46 Cr.",
543952,NIIT Learning Systems Ltd,"6,999.38 Cr.",
543242,Hemisphere Properties India Ltd,"6,272.85 Cr.",
544061,Azad Engineering Ltd,"7,242.23 Cr.",
532783,LT FOODS LTD.,"6,726.29 Cr.",
517385,Symphony Limited,"6,389.90 Cr.",
505255,GMM PFAUDLER LTD.,"6,166.11 Cr.",
532532,JAIPRAKASH ASSOCIATES LTD.,"6,377.04 Cr.",
543280,Nazara Technologies Ltd,"6,196.75 Cr.",
542484,Arvind Fashions Ltd,"5,984.14 Cr.",
543942,Utkarsh Small Finance Bank Ltd,"6,122.13 Cr.",
505355,NESCO LTD.,"6,293.48 Cr.",
543933,Cyient DLM Ltd,"6,313.16 Cr.",
509496,ITD CEMENTATION INDIA LTD.,"6,173.19 Cr.",
512329,SG Mart Ltd,"6,404.35 Cr.",
500135,EPL Ltd,"6,217.94 Cr.",
532375,TIPS INDUSTRIES LTD.,"6,159.34 Cr.",
512237,JAI CORP LTD.,"5,911.14 Cr.",
532029,Sindhu Trade Links Limited,"5,967.26 Cr.",
500339,Rain Industries Ltd,"7,332.34 Cr.",
522285,JAYASWAL NECO INDUSTRIES LTD.,"5,890.08 Cr.",
532900,Paisalo Digital Ltd,"7,294.36 Cr.",
532493,ASTRA MICROWAVE PRODUCTS LTD.,"6,174.75 Cr.",
541019,H.G. Infra Engineering Ltd,"6,131.95 Cr.",
543936,Senco Gold Ltd,"6,108.18 Cr.",
543253,Mrs. Bectors Food Specialities Ltd,"6,024.38 Cr.",
519126,HINDUSTAN FOODS LTD.,"5,921.81 Cr.",
543306,Dodla Dairy Ltd,"6,177.13 Cr.",
532189,INDIA TOURISM DEVELOPMENT CORPORATION LTD.,"6,488.88 Cr.",
533286,MOIL LTD.,"5,937.70 Cr.",
544022,ASK Automotive Ltd,"6,012.85 Cr.",
530001,GUJARAT ALKALIES & CHEMICALS LTD.,"6,011.18 Cr.",
532524,PTC INDIA LTD.,"5,940.89 Cr.",
543532,Ethos Ltd,"5,909.09 Cr.",
544009,Blue Jet Healthcare Ltd,"6,008.84 Cr.",
543270,MTAR Technologies Ltd,"5,976.74 Cr.",
533122,RattanIndia Power Limited,"5,692.31 Cr.",
543441,CMS Info Systems Ltd,"5,728.57 Cr.",
543325,Rolex Rings Ltd,"6,077.93 Cr.",
539992,Lloyds Engineering Works Ltd,"6,349.25 Cr.",
524372,Orchid Pharma Ltd,"5,627.54 Cr.",
509966,VST INDUSTRIES LTD.,"5,743.00 Cr.",
543652,Fusion Micro Finance Ltd,"5,556.31 Cr.",
532835,ICRA LTD.,"5,759.85 Cr.",
531120,PATEL ENGINEERING LTD.-$,"5,270.65 Cr.",
532374,STERLITE TECHNOLOGIES LTD.,"5,319.81 Cr.",
532735,R Systems International Limited,"5,412.97 Cr.",
540749,MAS Financial Services Ltd,"5,570.88 Cr.",
505726,IFB INDUSTRIES LTD.,"5,511.37 Cr.",
531358,CHOICE INTERNATIONAL LTD.,"5,620.49 Cr.",
505890,KENNAMETAL INDIA LTD.-$,"5,279.83 Cr.",
543358,Sansera Engineering Ltd,"5,631.06 Cr.",
543527,Prudent Corporate Advisory Services Ltd,"5,572.30 Cr.",
521016,INDO COUNT INDUSTRIES LTD.,"5,436.59 Cr.",
535754,Orient Cement Ltd,"5,593.94 Cr.",
532891,Puravankara Ltd,"5,956.01 Cr.",
543248,Restaurant Brands Asia Ltd,"5,656.02 Cr.",
532668,AURIONPRO SOLUTIONS LTD.,"5,253.74 Cr.",
543489,Gateway Distriparks Ltd,"5,431.13 Cr.",
533151,D B Corp Ltd,"5,623.02 Cr.",
532509,SUPRAJIT ENGINEERING LTD.-$,"5,374.70 Cr.",
532630,GOKALDAS EXPORTS LTD.,"5,328.23 Cr.",
539658,TeamLease Services Ltd,"5,334.61 Cr.",
523630,NATIONAL FERTILIZERS LTD.,"5,185.41 Cr.",
539118,VRL Logistics Ltd,"5,241.11 Cr.",
502937,KESORAM INDUSTRIES LTD.,"5,282.44 Cr.",
505714,GABRIEL INDIA LTD.-$,"5,319.14 Cr.",
544021,Protean eGov Technologies Ltd,"5,032.38 Cr.",
539787,HealthCare Global Enterprises Ltd,"5,351.11 Cr.",
532726,Gallantt Ispat Ltd,"5,537.40 Cr.",
540293,Pricol Ltd,"5,128.16 Cr.",
543711,Sula Vineyards Ltd,"4,804.03 Cr.",
500187,Agi Greenpac Ltd,"5,304.21 Cr.",
538268,Wonderla Holidays Ltd,"5,534.00 Cr.",
500039,BANCO PRODUCTS (INDIA) LTD.-$,"4,757.42 Cr.",
533271,ASHOKA BUILDCON LTD.,"5,054.42 Cr.",
533581,PG ELECTROPLAST LTD.,"4,905.17 Cr.",
507717,DHANUKA AGRITECH LTD.,"5,276.39 Cr.",
500292,HEIDELBERGCEMENT INDIA LTD.,"4,854.05 Cr.",
524348,AARTI DRUGS LTD.,"4,981.50 Cr.",
500171,GHCL LTD.,"5,032.21 Cr.",
532856,TIME TECHNOPLAST LTD.,"4,987.90 Cr.",
532553,Welspun Enterprises Ltd,"4,863.17 Cr.",
500655,Garware Hi-Tech Films Ltd,"4,718.62 Cr.",
530117,Privi Speciality Chemicals Ltd,"4,972.29 Cr.",
532940,J.KUMAR INFRAPROJECTS LTD.,"4,900.10 Cr.",
542851,Gensol Engineering Ltd,"4,834.10 Cr.",
542773,IIFL Securities Ltd,"4,992.50 Cr.",
500355,RALLIS INDIA LTD.,"4,814.08 Cr.",
530073,SANGHVI MOVERS LTD.,"4,966.87 Cr.",
500032,Bajaj Hindusthan Sugar Limited,"4,776.05 Cr.",
543249,Tarc Ltd,"4,795.32 Cr.",
543748,Aarti Pharmalabs Ltd,"4,832.63 Cr.",
532804,TECHNOCRAFT INDUSTRIES (INDIA) LTD.,"4,806.34 Cr.",
543311,India Pesticides Ltd,"4,609.42 Cr.",
500730,NOCIL LTD.,"4,847.72 Cr.",
544027,Fedbank Financial Services Ltd,"4,811.02 Cr.",
505242,DYNAMATIC TECHNOLOGIES LTD.-$,"4,656.55 Cr.",
540212,TCI Express Ltd,"4,634.38 Cr.",
520051,JAMNA AUTO INDUSTRIES LTD.,"4,584.94 Cr.",
540025,Advanced Enzyme Technologies Ltd,"4,569.69 Cr.",
532732,KEWAL KIRAN CLOTHING LTD.,"4,663.79 Cr.",
500463,Black Box Ltd,"4,592.14 Cr.",
512463,Lloyds Enterprises Ltd,"4,998.19 Cr.",
507205,TILAKNAGAR INDUSTRIES LTD.-$,"4,450.69 Cr.",
532928,TRANSFORMERS AND RECTIFIERS (INDIA) LTD.,"4,866.43 Cr.",
543212,Borosil Ltd,"4,505.94 Cr.",
533333,FINEOTEX CHEMICAL LTD.,"4,831.01 Cr.",
535602,Sharda Motor Industries Ltd,"4,449.49 Cr.",
533269,VA TECH WABAG LTD.,"4,473.05 Cr.",
544118,Jana Small Finance Bank Ltd,"4,566.41 Cr.",
523319,BALMER LAWRIE & CO.LTD.,"4,376.84 Cr.",
538567,Gulf Oil Lubricants India Ltd,"4,324.98 Cr.",
542857,Greenpanel Industries Ltd,"4,445.86 Cr.",
505283,KIRLOSKAR PNEUMATIC CO.LTD.,"4,829.14 Cr.",
533162,Hathway Cable & Datacom Ltd,"4,381.01 Cr.",
500285,SPICEJET LTD.,"4,727.41 Cr.",
532859,HINDUJA GLOBAL SOLUTIONS LTD.,"4,277.77 Cr.",
533553,T D POWER SYSTEMS LTD.,"4,273.59 Cr.",
544111,Apeejay Surrendra Park Hotels Ltd,"4,208.81 Cr.",
534600,JTL Industries Ltd,"4,416.45 Cr.",
533262,RAMKY INFRASTRUCTURE LTD.,"4,388.87 Cr.",
500444,WEST COAST PAPER MILLS LTD.,"4,412.73 Cr.",
532772,DCB Bank Limited,"4,223.36 Cr.",
540205,Aditya Vision Ltd,"4,079.47 Cr.",
543984,Samhi Hotels Ltd,"4,105.61 Cr.",
543332,Epigral Ltd,"4,492.82 Cr.",
590086,ORISSA MINERALS DEVELOPMENT COMPANY LTD.,"4,052.07 Cr.",
523323,KOVAI MEDICAL CENTER & HOSPITAL LTD.,"4,360.82 Cr.",
543213,Rossari Biotech Ltd,"4,196.76 Cr.",
500243,Kirloskar Industries Ltd,"4,183.84 Cr.",
543950,Yatharth Hospital & Trauma Care Services Ltd,"4,136.69 Cr.",
541301,Orient Electric Ltd,"4,470.02 Cr.",
543349,Ami Organics Ltd,"4,127.12 Cr.",
517168,SUBROS LTD.,"4,055.71 Cr.",
513262,STEEL STRIPS WHEELS LTD.-$,"3,955.40 Cr.",
500219,JAIN IRRIGATION SYSTEMS LTD.,"4,030.17 Cr.",
544055,Muthoot Microfin Ltd,"4,187.29 Cr.",
507878,UNITECH LTD.,"4,405.66 Cr.",
522034,SHANTHI GEARS LTD.,"4,101.61 Cr.",
544008,Max Estates Ltd,"4,030.02 Cr.",
505710,GRAUER & WEIL (INDIA) LTD.-$,"3,941.28 Cr.",
532839,DISH TV INDIA LTD.,"4,378.50 Cr.",
500307,NIRLON LTD.,"4,052.16 Cr.",
540642,Salasar Techno Engineering Ltd,"3,943.16 Cr.",
506655,SUDARSHAN CHEMICAL INDUSTRIES LTD.,"4,197.94 Cr.",
534976,V-MART RETAIL LTD.,"4,013.27 Cr.",
526947,LA OPALA RG LTD.,"4,008.21 Cr.",
500404,SUNFLAG IRON & STEEL CO.LTD.,"3,817.05 Cr.",
590021,BHARAT RASAYAN LTD.,"3,772.83 Cr.",
508486,HAWKINS COOKERS LTD.-$,"3,834.12 Cr.",
532899,KAVERI SEED COMPANY LTD.,"3,804.36 Cr.",
539056,Imagicaaworld Entertainment Ltd,"4,184.82 Cr.",
506690,UNICHEM LABORATORIES LTD.,"3,854.36 Cr.",
543929,HMA Agro Industries Ltd,"3,762.28 Cr.",
532848,DELTA CORP LTD.,"3,904.10 Cr.",
543533,eMudhra Ltd,"4,150.33 Cr.",
543989,Sai Silks (Kalamandir) Ltd,"3,639.38 Cr.",
533158,Thangamayil Jewellery Ltd,"3,675.34 Cr.",
532748,PRIME FOCUS LTD.,"3,661.78 Cr.",
542774,Mufin Green Finance Ltd,"3,546.88 Cr.",
500020,BOMBAY DYEING & MFG.CO.LTD.,"3,590.61 Cr.",
500250,L.G.BALAKRISHNAN & BROS.LTD.,"3,696.77 Cr.",
501455,GREAVES COTTON LTD.,"3,921.96 Cr.",
543667,Inox Green Energy Services Ltd,"3,781.65 Cr.",
532924,KOLTE-PATIL DEVELOPERS LTD.,"3,683.17 Cr.",
532368,Brightcom Group Ltd,"3,666.56 Cr.",
543600,Harsha Engineers International Ltd,"3,710.05 Cr.",
543650,DCX Systems Ltd,"3,735.90 Cr.",
520057,Jtekt India Ltd,"3,619.40 Cr.",
539542,Lux Industries Ltd,"3,621.53 Cr.",
531209,NUCLEUS SOFTWARE EXPORTS LTD.,"3,509.98 Cr.",
542665,Neogen Chemicals Ltd,"3,475.26 Cr.",
524735,HIKAL LTD.,"3,573.26 Cr.",
533047,INDIAN METALS & FERRO ALLOYS LTD.,"3,448.21 Cr.",
544088,Medi Assist Healthcare Services Ltd,"3,269.09 Cr.",
532528,DATAMATICS GLOBAL SERVICES LTD.,"3,575.05 Cr.",
500235,KALYANI STEELS LTD.,"3,567.55 Cr.",
540879,Apollo Micro Systems Ltd,"3,509.72 Cr.",
508989,Navneet Education Limited,"3,576.43 Cr.",
522215,HLE Glascoat Ltd,"3,508.85 Cr.",
532612,INDOCO REMEDIES LTD.,"3,361.18 Cr.",
512529,SEQUENT SCIENTIFIC LTD.,"3,704.09 Cr.",
538666,Sharda Cropchem Ltd,"3,384.62 Cr.",
539883,Pilani Investment and Industries Corporation Ltd,"3,317.91 Cr.",
532945,SEPC Ltd,"3,242.57 Cr.",
544020,ESAF Small Finance Bank Ltd,"3,337.32 Cr.",
532925,KAUSHALYA INFRASTRUCTURE DEVELOPMENT CORPORATION LTD.,"3,130.64 Cr.",
527001,ASHAPURA MINECHEM LTD.,"3,414.26 Cr.",
502090,SAGAR CEMENTS LTD.-$,"3,338.92 Cr.",
530305,PICCADILY AGRO INDUSTRIES LTD.,"3,566.50 Cr.",
532054,KDDL LTD.-$,"3,389.84 Cr.",
517522,RAJRATAN GLOBAL WIRE LTD.,"3,342.25 Cr.",
519091,TASTY BITE EATABLES LTD.,"3,548.65 Cr.",
503960,BHARAT BIJLEE LTD.-$,"3,316.36 Cr.",
543333,CarTrade Tech Ltd,"3,265.74 Cr.",
506022,PRAKASH INDUSTRIES LTD.,"3,435.69 Cr.",
531201,SHILCHAR TECHNOLOGIES LTD.,"3,270.87 Cr.",
538562,Skipper Ltd,"3,822.93 Cr.",
534804,CARE Ratings Ltd,"3,434.64 Cr.",
530549,SHILPA MEDICARE LTD.,"3,598.81 Cr.",
530367,NRB BEARINGS LTD.,"3,172.76 Cr.",
509243,TVS SRICHAKRA LTD.-$,"3,136.06 Cr.",
539871,Thyrocare Technologies Ltd,"3,207.34 Cr.",
540701,Dishman Carbogen Amcis Ltd,"3,304.20 Cr.",
509079,GUFIC BIOSCIENCES LTD.,"3,265.04 Cr.",
540797,Shalby Ltd,"3,267.30 Cr.",
543896,Avalon Technologies Ltd,"3,336.74 Cr.",
533229,Bajaj Consumer Care Ltd,"3,241.46 Cr.",
500097,Dalmia Bharat Sugar and Industries Ltd,"3,200.74 Cr.",
543528,Venus Pipes & Tubes Ltd,"3,354.95 Cr.",
543490,GMR Power and Urban Infra Ltd,"3,186.38 Cr.",
530655,Goodluck India Ltd,"3,317.83 Cr.",
500041,BANNARI AMMAN SUGARS LTD.,"3,183.01 Cr.",
533344,PTC INDIA FINANCIAL SERVICES LTD.,"3,079.11 Cr.",
513097,SHIVALIK BIMETAL CONTROLS LTD.,"3,189.54 Cr.",
505872,WPIL LTD.,"3,217.91 Cr.",
542905,Hindware Home Innovation Ltd,"3,080.55 Cr.",
543985,Zaggle Prepaid Ocean Services Ltd,"3,099.43 Cr.",
500148,UFLEX LTD.,"3,119.18 Cr.",
526807,SEAMEC LTD.,"2,867.56 Cr.",
532268,Accelya Solutions India Ltd,"2,991.22 Cr.",
532768,FIEM INDUSTRIES LTD.,"3,248.90 Cr.",
539889,Parag Milk Foods Ltd,"3,040.62 Cr.",
544067,Innova Captab Ltd,"2,996.01 Cr.",
543714,Landmark Cars Ltd,"3,015.29 Cr.",
590078,MAITHAN ALLOYS LTD.,"3,062.54 Cr.",
523716,ASHIANA HOUSING LTD.-$,"3,008.71 Cr.",
523398,Johnson Controls-Hitachi Air Conditioning India Ltd,"3,027.30 Cr.",
532796,LUMAX AUTO TECHNOLOGIES LTD.,"3,242.26 Cr.",
517015,VINDHYA TELELINKS LTD.,"3,067.30 Cr.",
532395,Axiscades Technologies Ltd,"2,873.85 Cr.",
544066,Sundaram-Clayton Ltd,"3,035.32 Cr.",
543932,Ideaforge Technology Ltd,"3,139.63 Cr.",
500168,GOODYEAR INDIA LTD.,"3,009.49 Cr.",
523385,NILKAMAL LTD.,"3,064.86 Cr.",
543434,Supriya Lifescience Ltd,"2,865.99 Cr.",
517300,GUJARAT INDUSTRIES POWER CO.LTD.,"3,084.77 Cr.",
541163,Sandhar Technologies Ltd,"3,372.49 Cr.",
526227,FILATEX INDIA LTD.-$,"2,962.29 Cr.",
519552,Heritage Foods Limited,"2,986.18 Cr.",
500108,MAHANAGAR TELEPHONE NIGAM LTD.,"2,840.67 Cr.",
533080,Mold-Tek Packaging Limited,"2,973.39 Cr.",
500191,HMT LTD.,"2,871.09 Cr.",
531761,Apollo Pipes Ltd,"2,979.70 Cr.",
526797,GREENPLY INDUSTRIES LTD.,"2,997.02 Cr.",
505010,AUTOMOTIVE AXLES LTD.,"2,908.90 Cr.",
532022,FILATEX FASHIONS LTD.,"2,876.92 Cr.",
535322,REPCO HOME FINANCE LTD.,"3,008.26 Cr.",
544030,Flair Writing Industries Ltd,"2,898.90 Cr.",
539450,S H Kelkar and Company Ltd,"2,935.21 Cr.",
524051,POLYPLEX CORPORATION LTD.,"2,859.54 Cr.",
526521,SANGHI INDUSTRIES LTD.,"2,987.54 Cr.",
590051,SAKSOFT LTD.,"2,841.50 Cr.",
544107,BLS E-Services Ltd,"3,552.03 Cr.",
500407,SWARAJ ENGINES LTD.,"2,902.59 Cr.",
532479,ISMT LTD.,"2,977.97 Cr.",
543321,Tatva Chintan Pharma Chem Ltd,"3,048.10 Cr.",
540768,Mahindra Logistics Ltd,"2,809.41 Cr.",
590066,K.C.P.LTD.,"2,765.36 Cr.",
524667,SAVITA OIL TECHNOLOGIES LTD.,"2,825.52 Cr.",
540724,Prataap Snacks Ltd,"2,780.48 Cr.",
543367,Paras Defence and Space Technologies Ltd,"2,897.70 Cr.",
532775,GTL INFRASTRUCTURE LTD.,"2,804.74 Cr.",
533137,Den Networks Ltd,"2,836.14 Cr.",
539404,Satin Creditcare Network Ltd,"2,850.15 Cr.",
531266,V.S.T.TILLERS TRACTORS LTD.-$,"2,822.19 Cr.",
590005,TIDE WATER OIL (INDIA) LTD.,"3,042.75 Cr.",
524091,Carysil Ltd,"2,711.49 Cr.",
543983,EMS Ltd,"2,755.44 Cr.",
531431,SHAKTI PUMPS (INDIA) LTD.-$,"2,794.52 Cr.",
532406,AVANTEL LTD.,"2,761.11 Cr.",
534758,CIGNITI TECHNOLOGIES LTD.,"2,909.64 Cr.",
514167,GANESHA ECOSPHERE LTD.,"2,637.99 Cr.",
500201,INDIA GLYCOLS LTD.,"2,706.19 Cr.",
526951,Stylam Industries Limited,"2,720.59 Cr.",
544042,Bajel Projects Ltd,"2,634.68 Cr.",
530843,CUPID LTD.-$,"2,922.59 Cr.",
500186,HINDUSTAN OIL EXPLORATION CO.LTD.,"2,703.71 Cr.",
542460,The Anup Engineering Ltd,"2,833.70 Cr.",
541403,Dollar Industries Ltd,"2,754.13 Cr.",
539678,Quick Heal Technologies Ltd,"2,638.88 Cr.",
532430,BF UTILITIES LTD.-$,"3,081.97 Cr.",
532808,Pearl Global Industries Limited,"2,782.84 Cr.",
543591,Dreamfolks Services Ltd,"2,670.65 Cr.",
511431,Vakrangee Limited-$,"2,927.44 Cr.",
532983,RPG LIFE SCIENCES LTD.,"2,685.27 Cr.",
543992,Yatra Online Ltd,"2,688.76 Cr.",
530555,PARAMOUNT COMMUNICATIONS LTD.-$,"2,498.31 Cr.",
500227,JINDAL POLY FILMS LTD.,"2,634.63 Cr.",
540544,PSP Projects Ltd,"2,556.90 Cr.",
539199,SG Finserve Ltd,"2,575.46 Cr.",
543389,Sigachi Industries Ltd,"2,640.54 Cr.",
530135,Optiemus Infracom Ltd,"2,567.56 Cr.",
532440,MPS LTD.,"2,565.02 Cr.",
506222,Styrenix Performance Materials Ltd,"2,608.56 Cr.",
526829,CONFIDENCE PETROLEUM INDIA LTD.,"3,271.41 Cr.",
519156,VADILAL INDUSTRIES LTD.-$,"2,663.77 Cr.",
509820,Huhtamaki India Ltd,"2,572.28 Cr.",
514234,SANGAM (INDIA) LTD.,"2,533.43 Cr.",
543386,Fino Payments Bank Ltd,"2,567.16 Cr.",
523539,PRECISION WIRES INDIA LTD.,"2,577.14 Cr.",
513349,AJMERA REALTY & INFRA INDIA LTD.,"2,519.43 Cr.",
505412,WENDT (INDIA) LTD.,"2,553.13 Cr.",
500288,MOREPEN LABORATORIES LTD.,"2,763.38 Cr.",
543399,Tarsons Products Ltd,"2,624.67 Cr.",
541700,TCNS Clothing Co. Ltd,"2,487.67 Cr.",
539301,Arvind SmartSpaces Ltd,"2,840.83 Cr.",
539686,K.P. Energy Ltd,"2,687.27 Cr.",
531508,EVEREADY INDUSTRIES INDIA LTD.,"2,532.42 Cr.",
500052,BHANSALI ENGINEERING POLYMERS LTD.-$,"2,489.83 Cr.",
506235,ALEMBIC LTD.,"2,631.76 Cr.",
531112,Balu Forge Industries Ltd,"2,608.91 Cr.",
526173,ANDREW YULE & COMPANY LTD.,"2,442.31 Cr.",
513269,MAN INDUSTRIES (INDIA) LTD.-$,"2,612.98 Cr.",
543283,Barbeque-Nation Hospitality Ltd,"2,445.24 Cr.",
534809,PC JEWELLER LTD.,"2,540.64 Cr.",
543812,DIVGI TORQTRANSFER SYSTEMS Ltd,"2,597.41 Cr.",
544029,Gandhar Oil Refinery (India) Ltd,"2,601.38 Cr.",
532960,Dhani Services Ltd,"2,615.62 Cr.",
511742,Ugro Capital Ltd,"2,615.09 Cr.",
543689,Uniparts India Ltd,"2,465.21 Cr.",
523261,VENKY'S (INDIA) LTD.,"2,499.02 Cr.",
523694,APCOTEX INDUSTRIES LTD.,"2,497.89 Cr.",
500460,MUKAND LTD.,"2,496.16 Cr.",
533263,ORIENT GREEN POWER COMPANY LTD.,"2,497.90 Cr.",
524019,Kingfa Science & Technology (India) Ltd-$,"2,428.09 Cr.",
524164,IOL CHEMICALS & PHARMACEUTICALS LTD.,"2,524.04 Cr.",
532663,Sasken Technologies Ltd,"2,665.89 Cr.",
506879,GUJARAT THEMIS BIOSYN LTD.,"2,483.68 Cr.",
590013,XPRO INDIA LTD.,"2,401.70 Cr.",
543974,Vishnu Prakash R Punglia Ltd,"2,354.53 Cr.",
512267,MEDIA MATRIX WORLDWIDE LTD.,"2,567.93 Cr.",
500193,HLV Ltd,"2,352.90 Cr.",
544004,IRM Energy Ltd,"2,335.27 Cr.",
543620,Insolation Energy Ltd,"2,343.60 Cr.",
542919,Artemis Medicare Services Ltd,"2,362.05 Cr.",
526881,63 Moons Technologies Ltd,"2,481.56 Cr.",
533104,GLOBUS SPIRITS LTD.,"2,298.00 Cr.",
503811,SIYARAM SILK MILLS LTD.-$,"2,395.77 Cr.",
530239,SUVEN LIFE SCIENCES LTD.,"2,422.80 Cr.",
539594,Mishtann Foods Ltd,"2,253.00 Cr.",
511551,Monarch Networth Capital Ltd,"2,128.70 Cr.",
539799,Bharat Wire Ropes Ltd,"2,274.34 Cr.",
500150,FOSECO INDIA LTD.,"2,388.76 Cr.",
500412,THIRUMALAI CHEMICALS LTD.,"2,369.26 Cr.",
531179,ARMAN FINANCIAL SERVICES LTD.,"2,324.94 Cr.",
543923,IKIO Lighting Ltd,"2,336.58 Cr.",
522249,MAYUR UNIQUOTERS LTD.-$,"2,309.71 Cr.",
543996,Updater Services Ltd,"2,309.14 Cr.",
522064,Honda India Power Products Ltd,"2,260.05 Cr.",
540602,GTPL Hathway Ltd,"2,372.41 Cr.",
505192,SML ISUZU LIMITED,"2,411.05 Cr.",
540710,Capacite Infraprojects Ltd,"2,268.23 Cr.",
522241,M.M.FORGINGS LTD.-$,"2,339.73 Cr.",
530131,UDAIPUR CEMENT WORKS LTD.,"2,246.07 Cr.",
500672,NOVARTIS INDIA LTD.,"2,951.41 Cr.",
539841,Lancer Container Lines Ltd,"2,203.19 Cr.",
541336,Indostar Capital Finance Ltd,"2,209.24 Cr.",
543547,Ddev Plastiks Industries Ltd,"2,207.67 Cr.",
524332,BCL Industries Ltd-$,"2,175.25 Cr.",
500314,ORIENTAL HOTELS LTD.,"2,250.35 Cr.",
543328,Krsnaa Diagnostics Ltd,"2,270.62 Cr.",
517206,LUMAX INDUSTRIES LTD.,"2,284.21 Cr.",
523445,RELIANCE INDUSTRIAL INFRASTRUCTURE LTD.,"2,201.58 Cr.",
541974,Manorama Industries Ltd,"2,463.35 Cr.",
532705,JAGRAN PRAKASHAN LTD.,"2,492.14 Cr.",
523127,EIH ASSOCIATED HOTELS LTD.-$,"2,285.26 Cr.",
540136,HPL Electric & Power Ltd,"2,402.91 Cr.",
544119,Rashi Peripherals Ltd,"2,298.25 Cr.",
500068,DISA INDIA LTD.,"2,147.04 Cr.",
532390,TAJGVK HOTELS & RESORTS LTD.,"2,103.95 Cr.",
500215,AGRO TECH FOODS LTD.,"2,156.68 Cr.",
530199,THEMIS MEDICARE LTD.,"2,231.67 Cr.",
532348,SUBEX LTD.,"2,233.96 Cr.",
540774,IFGL Refractories Ltd,"2,198.40 Cr.",
506480,GOCL Corporation Ltd-$,"2,221.11 Cr.",
523618,DREDGING CORPORATION OF INDIA LTD.,"2,233.70 Cr.",
526729,GOLDIAM INTERNATIONAL LTD.,"2,138.04 Cr.",
543419,Shriram Properties Ltd,"2,191.08 Cr.",
533552,RUPA & COMPANY LTD.,"2,297.46 Cr.",
531637,Praveg Ltd,"2,051.00 Cr.",
501423,SHAILY ENGINEERING PLASTICS LTD.,"2,452.08 Cr.",
539636,Precision Camshafts Ltd,"2,126.26 Cr.",
519183,ADF FOODS LTD.-$,"2,154.97 Cr.",
507747,TTK HEALTHCARE LTD.-$,"2,084.15 Cr.",
509675,HIL LTD.,"2,161.33 Cr.",
502330,Andhra Paper Ltd,"2,123.32 Cr.",
500365,Welspun Specialty Solutions Ltd,"2,101.80 Cr.",
533121,Expleo Solutions Ltd,"2,189.06 Cr.",
543331,Meghmani Organics Ltd,"2,202.87 Cr.",
502450,SESHASAYEE PAPER & BOARDS LTD.,"2,050.98 Cr.",
531717,Vidhi Specialty Food Ingredients Ltd-$,"2,087.70 Cr.",
513519,Pitti Engineering Ltd-$,"2,046.72 Cr.",
513228,PENNAR INDUSTRIES LTD.-$,"2,032.92 Cr.",
532708,GVK POWER & INFRASTRUCTURE LTD.,"2,070.34 Cr.",
517544,CENTUM ELECTRONICS LTD.,"2,125.17 Cr.",
523301,TCPL PACKAGING LTD.-$,"2,050.96 Cr.",
544120,Capital Small Finance Bank Ltd,"1,933.68 Cr.",
511034,JINDAL DRILLING & INDUSTRIES LTD.,"2,019.55 Cr.",
505744,FEDERAL-MOGUL GOETZE (INDIA) LTD.,"2,100.39 Cr.",
507514,SOM DISTILLERIES & BREWERIES LTD.,"1,996.28 Cr.",
542333,RPSG Ventures Ltd,"2,112.28 Cr.",
532698,NITIN SPINNERS LTD.,"2,066.93 Cr.",
532369,RAMCO INDUSTRIES LTD.,"2,105.99 Cr.",
524820,PANAMA PETROCHEM LTD.,"1,994.47 Cr.",
543686,Sirca Paints India Ltd,"2,074.24 Cr.",
533303,BF INVESTMENT LTD.,"2,193.95 Cr.",
543977,Rishabh Instruments Ltd,"2,036.67 Cr.",
506854,TANFAC INDUSTRIES LTD.-$,"1,964.48 Cr.",
543411,Hi-Tech Pipes Ltd,"2,310.43 Cr.",
532366,PNB GILTS LTD.,"1,946.81 Cr.",
533267,CANTABIL RETAIL INDIA LTD.,"1,979.72 Cr.",
539309,Rama Steel Tubes Ltd,"1,931.98 Cr.",
513250,JYOTI STRUCTURES LTD.,"1,921.98 Cr.",
517041,ADOR WELDING LTD.,"1,984.90 Cr.",
543972,Aeroflex Industries Ltd,"1,942.39 Cr.",
523369,DCM SHRIRAM INDUSTRIES LTD.-$,"1,936.45 Cr.",
506109,GENESYS INTERNATIONAL CORPORATION LTD.,"1,915.02 Cr.",
532967,KIRI INDUSTRIES LTD.,"2,033.20 Cr.",
543387,S.J.S. Enterprises Ltd,"1,974.79 Cr.",
516072,VISHNU CHEMICALS LTD.,"2,024.79 Cr.",
506642,SADHANA NITROCHEM LTD.,"2,037.74 Cr.",
523105,Cropster Agro Ltd,"1,739.63 Cr.",
503101,MARATHON NEXTGEN REALTY LTD.,"2,018.96 Cr.",
590006,AMRUTANJAN HEALTH CARE LTD.-$,"1,906.57 Cr.",
538970,Wardwizard Innovations & Mobility Ltd,"1,829.03 Cr.",
508906,EVEREST INDUSTRIES LTD.,"1,927.82 Cr.",
531426,TAMIL NADU NEWSPRINT & PAPERS LTD.,"1,903.64 Cr.",
512068,DECCAN GOLD MINES LTD.,"1,848.93 Cr.",
541167,Yasho Industries Ltd,"1,952.40 Cr.",
532309,GE Power India Ltd,"1,912.62 Cr.",
532834,CAMLIN FINE SCIENCES LTD.,"2,115.79 Cr.",
532285,Geojit Financial Services Ltd,"1,842.37 Cr.",
532684,EVEREST KANTO CYLINDER LTD.,"1,849.74 Cr.",
532880,OMAXE LTD.,"2,019.22 Cr.",
502157,MANGALAM CEMENT LTD.,"2,012.94 Cr.",
590030,SOUTHERN PETROCHEMICALS LTD.,"2,017.67 Cr.",
503031,PENINSULA LAND LTD.,"1,874.40 Cr.",
517498,WEBSOL ENERGY SYSTEM LTD.,"1,849.90 Cr.",
540425,Shankara Building Products Ltd,"1,777.79 Cr.",
540124,G N A Axles Ltd,"1,841.73 Cr.",
543279,Suryoday Small Finance Bank Ltd,"1,837.16 Cr.",
526650,TOURISM FINANCE CORPORATION OF INDIA LTD.,"1,894.21 Cr.",
532616,XCHANGING SOLUTIONS LTD.,"1,923.39 Cr.",
540776,5paisa Capital Ltd,"1,825.98 Cr.",
512008,EFC (I) Ltd,"1,790.27 Cr.",
544117,Signpost India Ltd,"1,968.03 Cr.",
544095,EPACK Durable Ltd,"1,858.49 Cr.",
544053,Motisons Jewellers Ltd,"1,928.56 Cr.",
532407,Moschip Technologies Ltd,"1,831.50 Cr.",
539332,Navkar Corporation Ltd,"1,723.44 Cr.",
532150,INDRAPRASTHA MEDICAL CORP.LTD.,"1,824.75 Cr.",
500333,PIX TRANSMISSIONS LTD.,"1,764.12 Cr.",
504112,NELCO LTD.,"1,755.99 Cr.",
505160,TALBROS AUTOMOTIVE COMPONENTS LTD.,"1,807.71 Cr.",
512229,VERITAS (INDIA) LTD.,"1,814.50 Cr.",
543971,Bondada Engineering Ltd,"1,921.29 Cr.",
533156,Vascon Engineers Ltd,"1,800.19 Cr.",
521248,KITEX GARMENTS LTD.,"1,844.71 Cr.",
500117,DCW LTD.,"1,850.92 Cr.",
543273,Knowledge Marine & Engineering Works Ltd,"1,680.91 Cr.",
534392,VARDHMAN SPECIAL STEELS LTD.,"1,721.25 Cr.",
532851,INSECTICIDES (INDIA) LTD.,"1,702.47 Cr.",
532742,PAUSHAK LTD.,"1,732.76 Cr.",
533168,ROSSELL INDIA LTD.,"1,733.85 Cr.",
532256,NALWA SONS INVESTMENTS LTD.,"1,682.99 Cr.",
533138,ASTEC LIFESCIENCES LIMITED,"1,690.12 Cr.",
520086,SICAL LOGISTICS LTD.,"1,716.05 Cr.",
531719,BHAGIRADHA CHEMICALS & INDUSTRIES LTD.,"1,790.37 Cr.",
532529,NEW DELHI TELEVISION LTD.,"1,726.22 Cr.",
539725,Gokul Agro Resources Ltd,"1,667.24 Cr.",
532719,B.L.KASHYAP AND SONS LTD.,"1,777.82 Cr.",
543252,Fairchem Organics Ltd,"1,840.50 Cr.",
532051,Swelect Energy Systems Limited-$,"1,567.57 Cr.",
500119,DHAMPUR SUGAR MILLS LTD.,"1,647.74 Cr.",
500304,NIIT LTD.,"1,798.26 Cr.",
509874,SHALIMAR PAINTS LTD.-$,"1,655.81 Cr.",
504212,UNIVERSAL CABLES LTD.,"1,641.44 Cr.",
514448,JYOTI RESINS & ADHESIVES LTD.,"1,652.64 Cr.",
502180,SHREE DIGVIJAY CEMENT CO.LTD.-$,"1,661.44 Cr.",
531357,Mercury Ev-Tech Ltd,"1,534.64 Cr.",
590134,Madras Fertilizers Ltd,"1,640.01 Cr.",
505800,RANE HOLDINGS LTD.,"1,624.89 Cr.",
532240,INDIA NIPPON ELECTRICALS LTD.,"1,769.22 Cr.",
535136,NIBE Ltd,"1,608.89 Cr.",
543514,Veranda Learning Solutions Ltd,"1,617.49 Cr.",
517421,Butterfly Gandhimathi Appliances Ltd,"1,607.82 Cr.",
533302,KALYANI INVESTMENT COMPANY LTD.,"1,716.74 Cr.",
500147,John Cockerill India Ltd-$,"1,722.04 Cr.",
542669,BMW Industries Ltd,"1,575.83 Cr.",
526783,DR.AGARWALS EYE HOSPITAL LTD.-$,"1,574.85 Cr.",
504000,ELPRO INTERNATIONAL LTD.,"1,587.00 Cr.",
543712,Abans Holdings Ltd,"1,578.59 Cr.",
540061,Bigbloc Construction Ltd,"1,548.84 Cr.",
543288,Deep Industries Ltd,"1,546.24 Cr.",
524520,KMC SPECIALITY HOSPITALS (INDIA) LTD.,"1,578.01 Cr.",
543954,Allcargo Terminals Ltd,"1,710.04 Cr.",
544058,Credo Brands Marketing Ltd,"1,509.17 Cr.",
526247,PREMIER EXPLOSIVES LTD.,"1,559.61 Cr.",
501150,CENTRUM CAPITAL LTD.,"1,534.33 Cr.",
532486,POKARNA LTD.,"1,591.28 Cr.",
531795,ATUL AUTO LTD.-$,"1,550.88 Cr.",
532610,DWARIKESH SUGAR INDUSTRIES LTD.,"1,533.90 Cr.",
532515,TV TODAY NETWORK LTD.,"1,576.15 Cr.",
522163,Diamond Power Infrastructure Limited-$,"1,586.18 Cr.",
532345,Allcargo Gati Ltd,"1,491.22 Cr.",
544054,Suraj Estate Developers Ltd,"1,522.03 Cr.",
532485,BALMER LAWRIE INVESTMENTS LTD.,"1,502.42 Cr.",
517380,IGARASHI MOTORS INDIA LTD.,"1,583.35 Cr.",
543263,SMC Global Securities Ltd,"1,455.47 Cr.",
514043,HIMATSINGKA SEIDE LTD.,"1,500.98 Cr.",
539837,Raghav Productivity Enhancers Ltd,"1,498.69 Cr.",
506194,Arihant Superstructures Limited,"1,520.45 Cr.",
590073,WHEELS INDIA LTD.,"1,500.80 Cr.",
514360,K&R Rail Engineering Ltd,"1,464.18 Cr.",
539337,Waaree Technologies Ltd,"1,564.34 Cr.",
543517,Hariom Pipe Industries Ltd,"1,490.15 Cr.",
519105,AVT NATURAL PRODUCTS LTD.,"1,617.56 Cr.",
531147,Alicon Castalloy Limited,"1,495.74 Cr.",
505400,TEXMACO INFRASTRUCTURE & HOLDINGS LTD.,"1,454.57 Cr.",
541276,Hardwyn India Ltd,"1,625.09 Cr.",
532741,Kamdhenu Ltd,"1,575.86 Cr.",
531921,AGARWAL INDUSTRIAL CORPORATION LTD.,"1,508.27 Cr.",
526987,URJA GLOBAL LTD.,"1,414.00 Cr.",
522295,CONTROL PRINT LTD.-$,"1,521.37 Cr.",
590062,ANDHRA SUGARS LTD.,"1,471.24 Cr.",
524709,NACL Industries Ltd,"1,459.51 Cr.",
543260,Stove Kraft Ltd,"1,605.49 Cr.",
524470,SYNCOM FORMULATIONS (INDIA) LTD.-$,"1,496.48 Cr.",
541967,Sky Gold Ltd,"1,492.83 Cr.",
532700,ENTERTAINMENT NETWORK (INDIA) LTD.,"1,471.59 Cr.",
543266,Heranba Industries Ltd,"1,446.89 Cr.",
534748,STEEL EXCHANGE INDIA LTD.,"1,545.02 Cr.",
543599,Ksolves India Ltd,"1,446.79 Cr.",
508814,Cosmo First Ltd,"1,416.96 Cr.",
543254,Antony Waste Handling Cell Ltd,"1,434.86 Cr.",
540717,Polo Queen Industrial and Fintech Ltd,"1,417.54 Cr.",
500199,I G PETROCHEMICALS LTD.,"1,426.57 Cr.",
539660,Best Agrolife Ltd,"1,424.12 Cr.",
505526,Dolat Algotech Ltd,"1,402.19 Cr.",
543230,Advait Infratech Ltd,"1,445.65 Cr.",
523736,Dhunseri Ventures Ltd-$,"1,414.30 Cr.",
500414,TIMEX GROUP INDIA LTD.-$,"1,416.33 Cr.",
541540,Solara Active Pharma Sciences Ltd,"1,572.32 Cr.",
533320,JUBILANT INDUSTRIES LTD.,"1,491.87 Cr.",
532937,KUANTUM PAPERS LTD.,"1,447.70 Cr.",
511768,MASTER TRUST LTD.,"1,554.05 Cr.",
531859,Oriental Rail Infrastructure Ltd,"1,404.98 Cr.",
539436,Coffee Day Enterprises Ltd,"1,349.48 Cr.",
540048,S.P. Apparels Ltd,"1,482.47 Cr.",
532729,UTTAM SUGAR MILLS LTD.,"1,411.49 Cr.",
533306,SUMMIT SECURITIES LTD.,"1,427.21 Cr.",
532475,APTECH LTD.,"1,421.65 Cr.",
505720,HERCULES HOISTS LTD.,"1,368.16 Cr.",
538836,Monte Carlo Fashions Ltd,"1,353.49 Cr.",
532867,V2 RETAIL LTD.,"1,267.53 Cr.",
543995,Manoj Vaibhav Gems N Jewellers Ltd,"1,362.11 Cr.",
524109,KABRA EXTRUSIONTECHNIK LTD.,"1,345.06 Cr.",
532884,Refex Industries Limited,"1,337.03 Cr.",
540311,JITF Infralogistics Ltd,"1,430.03 Cr.",
531847,ASIAN STAR CO.LTD.-$,"1,358.42 Cr.",
530011,MANGALORE CHEMICALS & FERTILIZERS LTD.,"1,439.96 Cr.",
532864,NELCAST LTD.,"1,351.13 Cr.",
500153,GANESH BENZOPLAST LTD.,"1,324.39 Cr.",
511413,CREST VENTURES LIMITED,"1,379.96 Cr.",
537259,Suyog Telematics Ltd,"1,360.70 Cr.",
504741,INDIAN HUME PIPE CO.LTD.,"1,429.26 Cr.",
516030,Pakka Ltd-$,"1,382.24 Cr.",
513517,STEELCAST LTD.,"1,285.64 Cr.",
520066,JAY BHARAT MARUTI LTD.,"1,459.21 Cr.",
523207,KOKUYO CAMLIN LTD.-$,"1,313.48 Cr.",
500207,INDO RAMA SYNTHETICS (INDIA) LTD.,"1,369.02 Cr.",
511676,GIC HOUSING FINANCE LTD.,"1,297.54 Cr.",
590065,INDIA MOTOR PARTS & ACCESSORIES LTD.,"1,350.21 Cr.",
531092,OM Infra Ltd,"1,391.59 Cr.",
532382,BALAJI TELEFILMS LTD.,"1,307.62 Cr.",
539607,Blue Cloud Softech Solutions Ltd,"1,278.52 Cr.",
522257,RAJOO ENGINEERS LTD.-$,"1,308.14 Cr.",
530699,Raj Rayon Industries Limited-$,"1,337.93 Cr.",
511076,SAT INDUSTRIES LTD.-$,"1,230.36 Cr.",
532661,RANE (MADRAS) LTD.,"1,320.09 Cr.",
530759,STERLING TOOLS LTD.-$,"1,287.15 Cr.",
531633,LINCOLN PHARMACEUTICALS LTD.,"1,375.74 Cr.",
522281,RAM RATNA WIRES LTD.-$,"1,266.76 Cr.",
539201,Satia Industries Ltd,"1,292.00 Cr.",
500268,MANALI PETROCHEMICAL LTD.,"1,271.42 Cr.",
543955,Transindia Real Estate Ltd,"1,292.36 Cr.",
520008,RICO AUTO INDUSTRIES LTD.,"1,277.09 Cr.",
543218,Suratwwala Business Group Ltd,"1,247.56 Cr.",
502175,SAURASHTRA CEMENT LTD.,"1,313.03 Cr.",
504341,Ravindra Energy Ltd,"1,283.97 Cr.",
517500,ROTO PUMPS LTD.,"1,264.94 Cr.",
524280,KOPRAN LTD.,"1,313.98 Cr.",
543829,Global Surfaces Ltd,"1,209.15 Cr.",
506390,Heubach Colorants India Ltd,"1,238.80 Cr.",
532457,GULSHAN POLYOLS LTD.,"1,246.79 Cr.",
532815,SMS PHARMACEUTICALS LTD.,"1,290.94 Cr.",
540649,Avadh Sugar & Energy Ltd,"1,257.56 Cr.",
520073,RACL Geartech Ltd,"1,245.06 Cr.",
506197,BLISS GVS PHARMA LTD.,"1,384.54 Cr.",
506618,PUNJAB CHEMICALS AND CROP PROTECTION LTD.-$,"1,351.35 Cr.",
515043,SAINT-GOBAIN SEKURIT INDIA LTD.,"1,258.63 Cr.",
533259,Sastasundar Ventures Ltd,"1,223.11 Cr.",
500078,Oriental Aromatics Ltd-$,"1,238.96 Cr.",
539018,Beekay Steel Industries Ltd,"1,251.03 Cr.",
509055,VISAKA INDUSTRIES LTD.,"1,215.28 Cr.",
543747,Kamdhenu Ventures Ltd,"1,226.93 Cr.",
543898,BEML Land Assets Ltd,"1,153.55 Cr.",
517536,ONWARD TECHNOLOGIES LTD.,"1,262.01 Cr.",
530355,Asian Energy Services Ltd,"1,233.96 Cr.",
539042,AGI Infra Ltd,"1,202.98 Cr.",
505725,Algoquant Fintech Ltd,"1,252.97 Cr.",
509438,BENARES HOTELS LTD.,"1,182.29 Cr.",
508807,IST LTD.,"1,155.51 Cr.",
524774,NGL FINE-CHEM LTD.,"1,263.93 Cr.",
524669,HESTER BIOSCIENCES LTD.,"1,208.23 Cr.",
526506,SYSTEMATIX CORPORATE SERVICES LTD.,"1,174.71 Cr.",
540145,Valiant Organics Ltd,"1,193.69 Cr.",
534425,SPECIALITY RESTAURANTS LTD.,"1,186.09 Cr.",
506808,Tuticorin Alkali Chemicals And Fertilizers Ltd,"1,236.02 Cr.",
543451,AGS Transact Technologies Ltd,"1,162.43 Cr.",
507488,G.M.BREWERIES LTD.,"1,182.74 Cr.",
532799,HUBTOWN LTD.,"1,098.47 Cr.",
530307,CHAMAN LAL SETIA EXPORTS LTD.-$,"1,318.43 Cr.",
502865,FORBES & COMPANY LTD.-$,"1,162.62 Cr.",
532717,INDO TECH TRANSFORMERS LTD.,"1,090.41 Cr.",
530475,Tinna Rubber and Infrastructure Limited,"1,160.95 Cr.",
540704,Matrimony.com Ltd,"1,127.94 Cr.",
590115,Motilal Oswal MOSt Shares M50 ETF,"1,157.33 Cr.",
532180,Dhanlaxmi Bank Limited,"1,269.11 Cr.",
511333,VLS FINANCE LTD.,"1,195.84 Cr.",
500296,NAHAR SPINNING MILLS LTD.,"1,133.17 Cr.",
532923,Renaissance Global Ltd,"1,106.95 Cr.",
522101,KILBURN ENGINEERING LTD.,"1,182.53 Cr.",
526407,Hampton Sky Realty Ltd,"1,197.19 Cr.",
532650,MSP STEEL & POWER LTD.,"1,188.62 Cr.",
538635,Snowman Logistics Ltd,"1,232.27 Cr.",
532633,ALLSEC TECHNOLOGIES LTD.,"1,332.06 Cr.",
532687,REPRO INDIA LTD.,"1,121.91 Cr.",
532141,ANDHRA CEMENTS LTD.,"1,087.17 Cr.",
543329,Windlas Biotech Ltd,"1,134.40 Cr.",
532699,ROYAL ORCHID HOTELS LTD.,"1,068.07 Cr.",
531449,GRM OVERSEAS LTD.,"1,093.20 Cr.",
542337,Spencers Retail Ltd,"1,132.96 Cr.",
532370,RAMCO SYSTEMS LTD.,"1,094.60 Cr.",
542655,Vikas Lifecare Ltd,"1,069.24 Cr.",
524394,VIMTA LABS LTD.-$,"1,086.77 Cr.",
539561,Remedium Lifecare Ltd,"1,389.23 Cr.",
543284,EKI Energy Services Ltd,"1,099.44 Cr.",
506685,ULTRAMARINE & PIGMENTS LTD.-$,"1,090.47 Cr.",
502420,ORIENT PAPER & INDUSTRIES LTD.,"1,075.78 Cr.",
502168,NCL INDUSTRIES LTD.-$,"1,096.90 Cr.",
522229,TANEJA AEROSPACE & AVIATION LTD.-$,"1,219.11 Cr.",
539221,Sportking India Ltd,"1,079.16 Cr.",
506248,AMINES & PLASTICIZERS LTD.,"1,103.70 Cr.",
542670,Artemis Electricals and Projects Ltd,"1,001.39 Cr.",
530067,CSL Finance Ltd,"1,139.70 Cr.",
543638,Tracxn Technologies Ltd,"1,053.90 Cr.",
542684,Prakash Pipes Ltd,"1,060.18 Cr.",
530879,Capital India Finance Ltd,"1,047.47 Cr.",
532782,SUTLEJ TEXTILES & INDUSTRIES LTD.,"1,172.69 Cr.",
500650,EXCEL INDUSTRIES LTD.,"1,060.59 Cr.",
543240,Likhitha Infrastructure Ltd,"1,064.56 Cr.",
533146,D-Link (India) Ltd,"1,062.31 Cr.",
506260,ANUH PHARMA LTD.,"1,152.58 Cr.",
543433,HP Adhesives Ltd,"1,039.56 Cr.",
507753,TGV Sraac Ltd,"1,061.26 Cr.",
538992,SAR Auto Products Ltd,"1,091.05 Cr.",
523850,AXTEL INDUSTRIES LTD.,"1,070.42 Cr.",
524648,INDO AMINES LTD.-$,"1,074.96 Cr.",
506687,TRANSPEK INDUSTRY LTD.-$,"1,088.15 Cr.",
500264,MAFATLAL INDUSTRIES LTD.-$,"1,083.69 Cr.",
543644,Infobeans Technologies Ltd,"1,023.81 Cr.",
533477,ENKEI WHEELS (INDIA) LTD.,"1,112.83 Cr.",
539148,Shivalik Rasayan Ltd,"1,027.22 Cr.",
505036,AUTOMOBILE CORPORATION OF GOA LTD.-$,"1,042.98 Cr.",
512531,STATE TRADING CORPORATION OF INDIA LTD.,"1,038.60 Cr.",
500439,VARDHMAN HOLDINGS LTD.,"1,030.79 Cr.",
526725,SANDESH LTD.,"1,034.93 Cr.",
513108,GANDHI SPECIAL TUBES LTD.-$,"1,015.60 Cr.",
500350,RSWM LTD.,989.37 Cr.,
532323,SHIVA CEMENT LTD.,"1,004.06 Cr.",
530079,FAZE THREE LTD.-$,997.08 Cr.,
532329,DANLAW TECHNOLOGIES INDIA LTD.-$,"1,012.68 Cr.",
543688,Sarveshwar Foods Ltd,"1,098.23 Cr.",
512379,CRESSANDA SOLUTIONS LTD.,961.81 Cr.,
540497,S Chand and Company Ltd,999.64 Cr.,
533761,GPT INFRAPROJECTS LTD.,"1,059.02 Cr.",
543920,CFF Fluid Control Ltd,"1,019.66 Cr.",
500429,UNIPHOS ENTERPRISES LTD.,"1,016.76 Cr.",
543233,Chemcon Speciality Chemicals Ltd,967.23 Cr.,
539843,NINtec Systems Ltd,991.31 Cr.,
530363,UGAR SUGAR WORKS LTD.-$,932.06 Cr.,
504036,HIND RECTIFIERS LTD.,"1,001.50 Cr.",
522108,YUKEN INDIA LTD.-$,966.55 Cr.,
524370,BODAL CHEMICALS LTD.,"1,034.87 Cr.",
519602,Kellton Tech Solutions Ltd.,977.05 Cr.,
532944,OnMobile Global Ltd.,927.78 Cr.,
539921,Shanti Educational Initiatives Ltd,973.25 Cr.,
532794,Zee Media Corporation Limited,981.30 Cr.,
522261,DOLPHIN OFFSHORE ENTERPRISES (INDIA) LTD.-$,"1,001.91 Cr.",
532365,DYNACONS SYSTEMS & SOLUTIONS LTD.,925.52 Cr.,
500173,GFL Ltd,957.67 Cr.,
539290,Oswal Greentech Ltd,972.54 Cr.,
532686,KERNEX MICROSYSTEMS (INDIA) LTD.,972.32 Cr.,
532666,FCS SOFTWARE SOLUTIONS LTD.,967.61 Cr.,
543732,Radiant Cash Management Services Ltd,956.00 Cr.,
540795,Dynamic Cables Ltd,984.58 Cr.,
531978,AMBIKA COTTON MILLS LTD.,929.65 Cr.,
520119,AUTOMOTIVE STAMPINGS & ASSEMBLIES LTD.,"1,029.76 Cr.",
532850,MIC ELECTRONICS LTD.,"1,139.56 Cr.",
500280,CENTURY ENKA LTD.,983.39 Cr.,
534742,ZUARI AGRO CHEMICALS LTD.,986.89 Cr.,
532628,3I INFOTECH LTD.,897.60 Cr.,
517059,SALZER ELECTRONICS LTD.-$,924.15 Cr.,
500060,Birla Cable Ltd,903.30 Cr.,
522122,VOITH PAPER FABRICS INDIA LTD.-$,941.08 Cr.,
543525,Silver Touch Technologies Ltd,909.99 Cr.,
543593,Dhampur Bio Organics Ltd,933.41 Cr.,
532842,SREE RAYALASEEMA HI-STRENGTH HYPO LTD.,959.34 Cr.,
506852,Primo Chemicals Ltd,"1,043.53 Cr.",
542351,Gloster Ltd,921.37 Cr.,
531349,PANACEA BIOTEC LTD.,967.15 Cr.,
505368,Semac Consultants Ltd-$,878.59 Cr.,
532875,ALLIED DIGITAL SERVICES LTD.,887.48 Cr.,
533270,BEDMUTHA INDUSTRIES LTD.,932.43 Cr.,
500777,TAMILNADU PETROPRODUCTS LTD.,907.81 Cr.,
540650,Magadh Sugar & Energy Ltd,916.17 Cr.,
502137,DECCAN CEMENTS LTD.-$,924.78 Cr.,
533470,RUSHIL DECOR LTD.,920.07 Cr.,
507155,JAGATJIT INDUSTRIES LTD.,900.05 Cr.,
